field_id,catalog_version,field_name,page_name,section_name_en,section_name_fr,section_order,panel_name,panel_suffix,point_type,mitigation_phase,answer_type,is_mandatory,visible_if,option_count,max_points,text_en,text_fr,guidance_en,guidance_fr,question_uid,parent_field_name,root_field_name,chain_depth,section_uid,match_method,match_score,needs_review,parent_question_uid,root_question_uid,mitigation_area
54,0.5,consultation-implementation2-NS,rm-consultation-implementation,Consultations,,12,rm-consultation-implementation-MS,MS,mitigation,implementation,checkbox,N,"{consultation-implementation1} = ""item1-1""",7,0,Which Internal Stakeholders have you engaged?,Quels intervenants internes avez-vous consulté?,,,70,consultation-implementation1,consultation-implementation1,1,14,text_global,0.896,Y,69,69,Consultation
56,0.5,consultation-implementation4-NS,rm-consultation-implementation,Consultations,,12,rm-consultation-implementation-MS,MS,mitigation,implementation,checkbox,N,"{consultation-implementation3} = ""item1-1""",3,0,Which External Stakeholders have you engaged?,Quels intervenants externes avez-vous consulté?,,,72,consultation-implementation3,consultation-implementation3,1,14,text_global,0.896,Y,71,71,Consultation
68,0.5,question62,rm-data-quality-implementation,De-Risking And Mitigation Measures,Élimination des risques et mesure d'atténuation,14,panel1,,none,,radiogroup,N,,2,0,Is this information publicly available?,Cette information est-elle publiquement disponible?,,,74,,question62,0,16,text_global,0.787,Y,,74,Data quality
69,0.5,question2,rm-data-quality-implementation,De-Risking And Mitigation Measures,Élimination des risques et mesure d'atténuation,14,panel1,,none,,radiogroup,N,,2,0,Have you developed a process to document how data quality issues were resolved during the design process?,Avez-vous élaboré un processus permettant de documenter la façon dont les problèmes de qualité des données qui seront résolus pendant le processus de conception?,,,38,,question2,0,16,text_global,0.82,Y,,38,Data quality
70,0.5,question63,rm-data-quality-implementation,De-Risking And Mitigation Measures,Élimination des risques et mesure d'atténuation,14,panel1,,none,,radiogroup,N,,2,0,Is this information publicly available?,Cette information est-elle publiquement disponible?,,,75,,question63,0,16,text_global,0.787,Y,,75,Data quality
72,0.5,question64,rm-data-quality-implementation,De-Risking And Mitigation Measures,Élimination des risques et mesure d'atténuation,14,panel1,,none,,radiogroup,N,,2,0,Is this information publicly available?,Cette information est-elle publiquement disponible?,,,76,,question64,0,16,text_global,0.787,Y,,76,Data quality
75,0.5,question65,rm-data-quality-implementation,De-Risking And Mitigation Measures,Élimination des risques et mesure d'atténuation,14,panel1,,none,,radiogroup,N,,2,0,Is this information publicly available?,Cette information est-elle publiquement disponible?,,,77,,question65,0,16,text_global,0.787,Y,,77,Data quality
76,0.5,question6,rm-data-quality-implementation,De-Risking And Mitigation Measures,Élimination des risques et mesure d'atténuation,14,panel1,,none,,radiogroup,N,,2,0,Is the data used for this system posted on the Open Government Portal?,Les données utilisées pour ce système seront-elles affichées sur la portail du gouvernement ouvert?,,,42,,question6,0,16,text_global,0.803,Y,,42,Data quality
90,0.5,question9,rm-fairness-implementation,De-Risking And Mitigation Measures,Élimination des risques et mesure d'atténuation,16,panel2,,mitigation,implementation,radiogroup,N,,2,0,Do you maintain a current and up to date log detailing all of the changes made to the model and the system?,Tenez-vous un registre à jour détaillant toutes les modifications apportées au modèle et au système?,,,44,,question9,0,18,text_global,0.878,Y,,44,Procedural fairness
91,0.5,question10,rm-fairness-implementation,De-Risking And Mitigation Measures,Élimination des risques et mesure d'atténuation,16,panel2,,mitigation,implementation,radiogroup,N,,2,0,Does the system's audit trail clearly indicate all decision points made by the system?,La piste de vérification énonce-t-elle clairement tous les points de décision pris par le système?,,,45,,question10,0,18,text_global,0.863,Y,,45,Procedural fairness
93,0.5,question12,rm-fairness-implementation,De-Risking And Mitigation Measures,Élimination des risques et mesure d'atténuation,16,panel2,,mitigation,implementation,radiogroup,N,,2,0,Is the system be able to produce reasons for its decisions or recommendations when required?,"Le système justifie-t-il ses décisions ou ses recommandations, au besoin?",,,47,,question12,0,18,text_global,0.913,Y,,47,Procedural fairness
100,0.5,question58,rm-fairness-implementation,De-Risking And Mitigation Measures,Élimination des risques et mesure d'atténuation,16,panel2,,mitigation,implementation,radiogroup,N,,2,0,Has your concept case been approved by the Government of Canada Enterprise Architecture Review Baord?,Votre dossier conceptuel pour le Conseil d’examen de l’architecture intégrée du gouvernement du Canada a-t-il été approuvé?,,,54,,question58,0,18,text_global,0.853,Y,,54,Procedural fairness
43,0.6,aboutDataSource5,aboutData,About The Data,À propos des données,10,aboutDataSourcePanel-RS,RS,raw,,radiogroup,N,,2,4,"Will the system require input data from an Internet- or telephony-connected device? (e.g. Internet of Things, sensor)","Le système aura-t-il besoin de données d’entrée provenant d’un appareil connecté à Internet ou à la téléphonie? (P. ex., internet des objets, un Capteur)",,,31,,aboutDataSource5,0,19,text_global,0.907,Y,,31,
54,0.6,consultationImplementation2-NS,consultationImplementation,Consultations,,12,consultationImplementationPanel-MS,MS,mitigation,implementation,checkbox,N,"{consultationImplementation1} = ""item1-1""",7,0,Which Internal Stakeholders have you engaged?,Quels intervenants internes avez-vous consulté?,,,70,consultationImplementation1,consultationImplementation1,1,14,text_global,0.896,Y,69,69,Consultation
56,0.6,consultationImplementation4-NS,consultationImplementation,Consultations,,12,consultationImplementationPanel-MS,MS,mitigation,implementation,checkbox,N,"{consultationImplementation3} = ""item1-1""",3,0,Which External Stakeholders have you engaged?,Quels intervenants externes avez-vous consulté?,,,72,consultationImplementation3,consultationImplementation3,1,14,text_global,0.896,Y,71,71,Consultation
59,0.6,dataQualityDesign3,dataQualityDesign,De-Risking And Mitigation Measures,Élimination des risques et mesure d'atténuation,13,dataQualityDesignPanel-MS,MS,mitigation,design,radiogroup,N,,2,1,Will you be developing a process to document how data quality issues were resolved during the design process?,Allez-vous élaborer un processus permettant de documenter la façon dont les problèmes de qualité des données qui seront résolus pendant le processus de conception?,,,38,,dataQualityDesign3,0,15,text_global,0.814,Y,,38,Data quality
66,0.6,dataQualityDesign10,dataQualityDesign,De-Risking And Mitigation Measures,Élimination des risques et mesure d'atténuation,13,dataQualityDesignPanel-MS,MS,mitigation,design,radiogroup,N,,2,0,Will the data used for this system be posted on the Open Government Portal?,Les données utilisées pour ce système seront-elles affichées sur la portail du gouvernement ouvert?,,,42,,dataQualityDesign10,0,15,text_global,0.835,Y,,42,Data quality
68,0.6,dataQualityImplementation2,dataQualityImplementation,De-Risking And Mitigation Measures,Élimination des risques et mesure d'atténuation,14,dataQualityImplementationPanel-MS,MS,mitigation,implementation,radiogroup,N,,2,0,Is this information publicly available?,Cette information est-elle publiquement disponible?,,,77,,dataQualityImplementation2,0,16,text_and_parent,0.787,Y,,77,Data quality
69,0.6,dataQualityImplementation3,dataQualityImplementation,De-Risking And Mitigation Measures,Élimination des risques et mesure d'atténuation,14,dataQualityImplementationPanel-MS,MS,mitigation,implementation,radiogroup,N,,2,1,Have you developed a process to document how data quality issues were resolved during the design process?,Avez-vous élaboré un processus permettant de documenter la façon dont les problèmes de qualité des données qui seront résolus pendant le processus de conception?,,,38,,dataQualityImplementation3,0,16,text_global,0.82,Y,,38,Data quality
70,0.6,dataQualityImplementation4,dataQualityImplementation,De-Risking And Mitigation Measures,Élimination des risques et mesure d'atténuation,14,dataQualityImplementationPanel-MS,MS,mitigation,implementation,radiogroup,N,,2,0,Is this information publicly available?,Cette information est-elle publiquement disponible?,,,74,,dataQualityImplementation4,0,16,text_global,0.787,Y,,74,Data quality
72,0.6,dataQualityImplementation6,dataQualityImplementation,De-Risking And Mitigation Measures,Élimination des risques et mesure d'atténuation,14,dataQualityImplementationPanel-MS,MS,mitigation,implementation,radiogroup,N,,2,0,Is this information publicly available?,Cette information est-elle publiquement disponible?,,,75,,dataQualityImplementation6,0,16,text_global,0.787,Y,,75,Data quality
75,0.6,dataQualityImplementation9,dataQualityImplementation,De-Risking And Mitigation Measures,Élimination des risques et mesure d'atténuation,14,dataQualityImplementationPanel-MS,MS,mitigation,implementation,radiogroup,N,,2,0,Is this information publicly available?,Cette information est-elle publiquement disponible?,,,76,,dataQualityImplementation9,0,16,text_global,0.787,Y,,76,Data quality
76,0.6,dataQualityImplementation10,dataQualityImplementation,De-Risking And Mitigation Measures,Élimination des risques et mesure d'atténuation,14,dataQualityImplementationPanel-MS,MS,mitigation,implementation,radiogroup,N,,2,2,Is the data used for this system posted on the Open Government Portal?,Les données utilisées pour ce système seront-elles affichées sur la portail du gouvernement ouvert?,,,42,,dataQualityImplementation10,0,16,text_global,0.803,Y,,42,Data quality
77,0.6,fairnessDesign1,fairnessDesign,De-Risking And Mitigation Measures,Élimination des risques et mesure d'atténuation,15,fairnessDesignPanel-MS,MS,mitigation,design,radiogroup,N,,2,2,Will the system provide an audit trail that records all the recommendations or decisions made by the system?,Est-ce que le système fournira une piste de vérification qui enregistre les recommandations ou les décisions?,,,43,,fairnessDesign1,0,17,text_and_parent,0.813,Y,,43,Procedural fairness
81,0.6,fairnessDesign5,fairnessDesign,De-Risking And Mitigation Measures,Élimination des risques et mesure d'atténuation,15,fairnessDesignPanel-MS,MS,mitigation,design,radiogroup,N,,2,2,Will the system be able to produce reasons for its decisions or recommendations when required?,"Le système justifiera-t-il ses décisions ou ses recommandations, au besoin?",,,47,,fairnessDesign5,0,17,text_global,0.891,Y,,47,Procedural fairness
90,0.6,fairnessImplementation2,fairnessImplementation,De-Risking And Mitigation Measures,Élimination des risques et mesure d'atténuation,16,fairnessImplementationPanel-MS,MS,mitigation,implementation,radiogroup,N,,2,2,Do you maintain a current and up to date log detailing all of the changes made to the model and the system?,Tenez-vous un registre à jour détaillant toutes les modifications apportées au modèle et au système?,,,44,,fairnessImplementation2,0,18,text_global,0.878,Y,,44,Procedural fairness
91,0.6,fairnessImplementation3,fairnessImplementation,De-Risking And Mitigation Measures,Élimination des risques et mesure d'atténuation,16,fairnessImplementationPanel-MS,MS,mitigation,implementation,radiogroup,N,,2,1,Does the system's audit trail clearly indicate all decision points made by the system?,La piste de vérification énonce-t-elle clairement tous les points de décision pris par le système?,,,45,,fairnessImplementation3,0,18,text_global,0.863,Y,,45,Procedural fairness
93,0.6,fairnessImplementation5,fairnessImplementation,De-Risking And Mitigation Measures,Élimination des risques et mesure d'atténuation,16,fairnessImplementationPanel-MS,MS,mitigation,implementation,radiogroup,N,,2,2,Is the system be able to produce reasons for its decisions or recommendations when required?,"Le système justifie-t-il ses décisions ou ses recommandations, au besoin?",,,47,,fairnessImplementation5,0,18,text_global,0.913,Y,,47,Procedural fairness
100,0.6,fairnessImplementation12,fairnessImplementation,De-Risking And Mitigation Measures,Élimination des risques et mesure d'atténuation,16,fairnessImplementationPanel-MS,MS,mitigation,implementation,radiogroup,N,,2,1,Has your concept case been approved by the Government of Canada Enterprise Architecture Review Baord?,Votre dossier conceptuel pour le Conseil d’examen de l’architecture intégrée du gouvernement du Canada a-t-il été approuvé?,,,54,,fairnessImplementation12,0,18,text_global,0.853,Y,,54,Procedural fairness
103,0.6,privacyImplementation1,privacyImplementation,De-Risking And Mitigation Measures,Élimination des risques et mesure d'atténuation,18,privacyImplementationPanel-MS,MS,mitigation,implementation,radiogroup,N,,2,1,Have you completed a Privacy Impact Assessment or revised an existing one?,Avez-vous entrepris une évaluation des facteurs relatifs à la vie privée ou révisé une évaluation existante?,,,81,,privacyImplementation1,0,21,text_global,0.81,Y,,81,Privacy
106,0.8a1,fairnessImplementation13,fairnessImplementation,De-Risking And Mitigation Measures,Élimination des risques et mesure d'atténuation,16,fairnessImplementationPanel-MS,MS,mitigation,implementation,radiogroup,N,,2,2,Is there a recourse process established for clients that wish to challenge the decision?,Avez-vous un processus de recours prévu ou établi pour les clients qui souhaitent contester la décision?,,,83,,fairnessImplementation13,0,18,text_global,0.905,Y,,83,Procedural fairness
59,0.9,consultationImplementation2,consultationImplementation,Consultations,,12,consultationImplementationPanel-MS,MS,mitigation,implementation,checkbox,N,"{consultationImplementation1} = ""item1-1""",8,0,Which Internal Stakeholders have you engaged?,Quels intervenants internes avez-vous consulté?,,,70,consultationImplementation1,consultationImplementation1,1,14,text_global,0.896,Y,69,69,Consultation
62,0.9,consultationImplementation4,consultationImplementation,Consultations,,12,consultationImplementationPanel-MS,MS,mitigation,implementation,checkbox,N,"{consultationImplementation3} = ""item1-1""",5,0,Which External Stakeholders have you engaged?,Quels intervenants externes avez-vous consulté?,,,72,consultationImplementation3,consultationImplementation3,1,14,text_global,0.896,Y,71,71,Consultation
45,1.0.0,aboutSystem2,aboutSystem,About The System,À propos du système,6,aboutSystemPanel-RS,RS,raw,,comment,N,"{aboutSystem1} contains [""item6""]",0,0,Describe,Veuillez expliquer votre réponse.,,,10,aboutSystem1,aboutSystem1,1,11,text_and_parent,0.796,Y,9,9,
58,1.0.0,aboutSystem6,aboutSystem,About The System,À propos du système,6,aboutSystemPanel-RS,RS,raw,,radiogroup,N,,2,2,"Have you assigned accountability in your institution for the design, development, and maintenance, of the system?","Des personnes responsables de la conception, de la mise au point et de l'entretien du système ont-elles été désignées au sein de votre organisation?",,,40,,aboutSystem6,0,11,text_global,0.913,Y,,40,
91,1.0.0,impact22A,impact,Impact Assessment,Évaluation de l'incidence,9,impactPanel-RS,RS,raw,,comment,N,"{impact22} = ""item1-2""",0,0,"If yes, describe the relevant function(s) of the system ","Si oui, veuillez décrire toute fonction pertinente du système.",,,113,impact22,impact22,1,5,text_and_parent,0.912,Y,112,112,
150,1.0.0,aboutDataSourceType1,aboutData,About the Data,À propos des données,10,aboutDataSourcePanel-RS,RS,raw,,radiogroup,N,,2,0,"Will the system require the analysis of unstructured data to make an assessment, recommendation or decision?","Le système devra-t-il analyser des données non structurées aux fins de la réalisation d'évaluations, de la formulation de recommandations ou de la prise de décisions?",,,35,,aboutDataSourceType1,0,19,text_and_parent,0.882,Y,,35,
176,1.0.0,consultationImplementation5,consultationImplementation,Consultations,,12,consultationImplementationPanel-MS,MS,mitigation,implementation,comment,N,,0,0,"Identify the consultees or partners and indicate the project lifecycle stage (Concept, Design, Data collection and processing, Building or adapting the model, Testing, Deployment, Production, Monitoring, Decommission) in which engagement took place. ","Indiquez les partenaires ou les parties consultantes et l'étape du cycle de vie du projet (par exemple, le plan de conception, la conception, la collecte de données et le traitement, l'élaboration ou l'adaptation du modèle, la mise à l'essai, le déploiement, la production, la surveillance et la mise hors service) au cours de laquelle les activités de consultation se sont déroulées. ",,,205,,consultationImplementation5,0,14,text_global,0.899,Y,,205,Consultation
208,1.0.0,dataQualityImplementation7,dataQualityImplementation,De-risking and Mitigation Measures,Élimination des risques et mesures d'atténuation,14,dataQualityImplementationPanel-MS,MS,mitigation,implementation,radiogroup,N,"{dataQualityImplementation5} = ""item1-2""",2,1,Are the GBA Plus findings publicly available?,Les résultats de l'ACS Plus sont-ils accessibles au public ou le seront-ils? ,,,217,dataQualityImplementation5,dataQualityImplementation5,1,16,text_global,0.863,Y,39,39,Data quality
45,1.0.1,aboutSystem2,aboutSystem,About The System,À propos du système,6,aboutSystemPanel-RS,RS,raw,,comment,N,"{aboutSystem1} contains [""item6""]",0,0,Describe,Veuillez expliquer votre réponse.,,,10,aboutSystem1,aboutSystem1,1,11,text_and_parent,0.796,Y,9,9,
