file,issue
01396e33-2c69-47e5-9381-32e717943b96__Original.json,2 answers not found in the v0.10.0 catalog
04556b29-284a-4d2b-8076-928476d64553__Original.json,2 answers not found in the v0.10.0 catalog
6b429c8e-ee5b-451a-883f-b6180ada9286__Original.json,"computed raw 35, mitigation 29, level 2 on v0.10.0; PDF prints raw 30, mitigation 29, level 1; PDF figures used"
aafdfbcd-1cdb-4913-84d5-a03df727680c__Original.json,JSON stamped v0.9.1; results PDF printed v0.10.0; PDF version used
aafdfbcd-1cdb-4913-84d5-a03df727680c__Original.json,2 answers not found in the v0.10.0 catalog
c088f841-2d79-4c7e-9281-cc65cbae1b06__Original.json,2 answers not found in the v0.10.0 catalog
cea9985f-5e0f-425e-9b7e-e1d122272c56__2021_Update.json,file states v0.8; scored against v0.8a1
cea9985f-5e0f-425e-9b7e-e1d122272c56__2021_Update.json,4 answers not found in the v0.8a1 catalog
cea9985f-5e0f-425e-9b7e-e1d122272c56__2021_Update_2.json,2 answers not found in the v0.9 catalog
cea9985f-5e0f-425e-9b7e-e1d122272c56__2022_Update.json,2 answers not found in the v0.9.1 catalog
