resource_id,og_record_id,resource_name,format,language,resource_type,submission_label,is_assessment_artifact,download_url,size_bytes,last_modified
b86afb9b-fa9f-4e2b-aa00-eaee5c897e32,b8a34d1b-d27f-4506-973c-d2ea2f68c623,CBSA Traveller Compliance Indicator – Algorithmic Impact Assessment ,PDF,unknown,assessment,Original,Y,https://open.canada.ca/data/dataset/b8a34d1b-d27f-4506-973c-d2ea2f68c623/resource/b86afb9b-fa9f-4e2b-aa00-eaee5c897e32/download/cbsa-traveller-compliance-indicator-tci-algorithmic-impact-assessment-aia.pdf,257911,2026-08-18T18:06:17.199070
85a4f74e-52cd-407c-b8d4-c76d70c22f16,b8a34d1b-d27f-4506-973c-d2ea2f68c623,Indicateur de conformité de l'ASFC  - Évaluation de l'incidence algorithmique  ,PDF,unknown,assessment,Original,Y,https://open.canada.ca/data/dataset/b8a34d1b-d27f-4506-973c-d2ea2f68c623/resource/85a4f74e-52cd-407c-b8d4-c76d70c22f16/download/indicateur-de-conformite-de-lasfc-evaluation-de-lincidence-algorithmique.pdf,275618,2026-08-18T18:06:38.806875
1456b0c8-b753-4457-ab2a-2326c605f9da,b8a34d1b-d27f-4506-973c-d2ea2f68c623,CBSA Traveller Compliance Indicator (TCI) – Plain Language Summary of Peer Review and Responses,PDF,unknown,assessment,Original,N,https://open.canada.ca/data/dataset/b8a34d1b-d27f-4506-973c-d2ea2f68c623/resource/1456b0c8-b753-4457-ab2a-2326c605f9da/download/cbsa-traveller-compliance-indicator-tci-plain-language-summary-of-peer-review-and-responses.pdf,351648,2026-08-18T18:06:57.870310
b49a3f3a-c2f1-49f2-b140-06c4426655a0,b8a34d1b-d27f-4506-973c-d2ea2f68c623,Indicateur de conformité des voyageurs (ICV) de l'ASFC – Résumé en langage clair de l'examen par les pairs et des réponses,PDF,unknown,assessment,Original,N,https://open.canada.ca/data/dataset/b8a34d1b-d27f-4506-973c-d2ea2f68c623/resource/b49a3f3a-c2f1-49f2-b140-06c4426655a0/download/indicateur-de-conformite-des-voyageurs-icv-de-lasfc-resume-en-langage-clair-de-lexamen-par-les-p.pdf,359721,2026-08-18T18:07:14.204011
7b319e7b-9e9f-40d7-aeaf-489bfcd6435b,380f8da2-a18e-4747-a29f-7775450b7283,IAAM-AIA_EN-2025-10-28,PDF,en,dataset,Original,Y,https://open.canada.ca/data/dataset/380f8da2-a18e-4747-a29f-7775450b7283/resource/7b319e7b-9e9f-40d7-aeaf-489bfcd6435b/download/iaam-aia_en-2025-10-28.pdf,,2025-11-03T16:47:19.723103
2abceb76-cfd4-4d54-b044-6456b78ae9a5,380f8da2-a18e-4747-a29f-7775450b7283,IAAM-AIA_FR-2025-10-28,PDF,fr,dataset,Original,Y,https://open.canada.ca/data/dataset/380f8da2-a18e-4747-a29f-7775450b7283/resource/2abceb76-cfd4-4d54-b044-6456b78ae9a5/download/iaam-aia_fr-2025-10-28.pdf,25986,2025-11-06T18:08:36.259606
acd433a2-a9e5-446b-8ca6-051c94c0b097,380f8da2-a18e-4747-a29f-7775450b7283,IAAM-AIA-2025-10-28,JSON,unknown,dataset,Original,Y,https://open.canada.ca/data/dataset/380f8da2-a18e-4747-a29f-7775450b7283/resource/acd433a2-a9e5-446b-8ca6-051c94c0b097/download/iaam-aia-2025-10-28.json,,2025-11-03T16:48:07.765316
9909e902-3fb3-4a18-a76c-862fd12f67e6,92d7bc61-3724-44cd-9917-e2bf75023d4e,LMIA-AIA_EN-2025-09-22,PDF,en,dataset,Original,Y,https://open.canada.ca/data/dataset/92d7bc61-3724-44cd-9917-e2bf75023d4e/resource/9909e902-3fb3-4a18-a76c-862fd12f67e6/download/lmia-aia_en-2025-09-22.pdf,,2025-09-29T17:50:48.414560
33fd4006-4c39-42e4-b65f-4050c5cb16e7,92d7bc61-3724-44cd-9917-e2bf75023d4e,LMIA-AIA_FR-2025-09-22,PDF,fr,dataset,Original,Y,https://open.canada.ca/data/dataset/92d7bc61-3724-44cd-9917-e2bf75023d4e/resource/33fd4006-4c39-42e4-b65f-4050c5cb16e7/download/lmia-aia_fr-2025-09-22.pdf,,2025-09-29T17:51:19.335833
83bb3f37-86a1-4494-9b0b-2198318142dd,92d7bc61-3724-44cd-9917-e2bf75023d4e,LMIA-AIA_EN-2025-09-22,JSON,en,dataset,Original,Y,https://open.canada.ca/data/dataset/92d7bc61-3724-44cd-9917-e2bf75023d4e/resource/83bb3f37-86a1-4494-9b0b-2198318142dd/download/lmia-aia_en-2025-09-22.json,,2025-09-29T17:52:03.564867
97f947d0-80d3-4280-ac78-4f49b6e66946,92d7bc61-3724-44cd-9917-e2bf75023d4e,LMIA-AIA_FR-2025-09-22,JSON,fr,dataset,Original,Y,https://open.canada.ca/data/dataset/92d7bc61-3724-44cd-9917-e2bf75023d4e/resource/97f947d0-80d3-4280-ac78-4f49b6e66946/download/lmia-aia_fr-2025-09-22.json,,2025-09-29T17:52:23.772537
7e214ddf-fb15-444b-b479-6224781bdbdb,94d9dd91-803a-458c-a381-db6a22c9571a,eSINa-AIA_EN-2025-09-02,PDF,en,dataset,Original,Y,https://open.canada.ca/data/dataset/94d9dd91-803a-458c-a381-db6a22c9571a/resource/7e214ddf-fb15-444b-b479-6224781bdbdb/download/esina-aia_en-2025-09-02.pdf,,2025-09-29T17:36:36.388899
5466dcaa-69a9-4887-85d3-a60b584ba013,94d9dd91-803a-458c-a381-db6a22c9571a,eSINa-AIA_FR-2025-09-02,PDF,fr,dataset,Original,Y,https://open.canada.ca/data/dataset/94d9dd91-803a-458c-a381-db6a22c9571a/resource/5466dcaa-69a9-4887-85d3-a60b584ba013/download/esina-aia_fr-2025-09-02.pdf,,2025-09-29T17:37:00.991550
35c78183-f2fb-43fb-931a-8b48c1f03cf2,94d9dd91-803a-458c-a381-db6a22c9571a,eSINa-AIA_EN-2025-09-02,JSON,en,dataset,Original,Y,https://open.canada.ca/data/dataset/94d9dd91-803a-458c-a381-db6a22c9571a/resource/35c78183-f2fb-43fb-931a-8b48c1f03cf2/download/esina-aia_en-2025-09-02.json,,2025-09-29T17:37:37.364788
5f8c5aa3-9921-4660-91d3-8a783e0063c6,94d9dd91-803a-458c-a381-db6a22c9571a,eSINa-AIA_FR-2025-09-02,JSON,fr,dataset,Original,Y,https://open.canada.ca/data/dataset/94d9dd91-803a-458c-a381-db6a22c9571a/resource/5f8c5aa3-9921-4660-91d3-8a783e0063c6/download/esina-aia_fr-2025-09-02.json,,2025-09-29T17:38:21.081055
8c95fa04-b284-4e78-9dcd-5d832ac366cb,6ca819ed-dfde-4c4e-ac6b-831310825b03,2026-02-11 Assessment - Algorithmic Impact Assessment (AIA) - Production Phase - CVA Chatbot Only,DOCX,unknown,assessment,Original,Y,https://open.canada.ca/data/dataset/6ca819ed-dfde-4c4e-ac6b-831310825b03/resource/8c95fa04-b284-4e78-9dcd-5d832ac366cb/download/2026-02-11-assessment-algorithmic-impact-assessment-aia-production-phase-cva-chatbot-only.docx,,2026-03-25T18:30:12.508575
75614dea-c307-4837-915c-dcf785b1c241,6ca819ed-dfde-4c4e-ac6b-831310825b03,2026-02-11 Assessment - Algorithmic Impact Assessment (AIA) - Production Phase - CVA Chatbot Only,DOCX,unknown,assessment,Original,Y,https://open.canada.ca/data/dataset/6ca819ed-dfde-4c4e-ac6b-831310825b03/resource/75614dea-c307-4837-915c-dcf785b1c241/download/2026-02-11-evaluation-evaluation-de-lincidence-algorithmique-eia-phase-de-production-agent-de-c.docx,,2026-03-25T18:31:09.845603
79ec65c2-4e41-4e93-94a5-26ffd87333ab,6ca819ed-dfde-4c4e-ac6b-831310825b03,2026-02-11 Assessment - Algorithmic Impact Assessment (AIA) - Production Phase - CVA Chatbot Only,JSON,unknown,assessment,Original,Y,https://open.canada.ca/data/dataset/6ca819ed-dfde-4c4e-ac6b-831310825b03/resource/79ec65c2-4e41-4e93-94a5-26ffd87333ab/download/eia-ia_aia-ai-avr-cva.json,,2026-03-27T15:32:46.382545
42f31158-ac4d-49ba-8ebd-a6a700aa5465,d5b89acc-5f2a-435d-b8f5-18002ba24c2a,Algorithmic Impact Assessment - NCLL (English),PDF,en,assessment,Original,Y,https://open.canada.ca/data/dataset/d5b89acc-5f2a-435d-b8f5-18002ba24c2a/resource/42f31158-ac4d-49ba-8ebd-a6a700aa5465/download/aia-en-acessible.pdf,132806,2026-05-21T15:23:15.935239
c81ee4f4-4a9c-48ed-a49d-13a843c20260,d5b89acc-5f2a-435d-b8f5-18002ba24c2a,Algorithmic Impact Assessment - NCLL (French),PDF,fr,assessment,Original,Y,https://open.canada.ca/data/dataset/d5b89acc-5f2a-435d-b8f5-18002ba24c2a/resource/c81ee4f4-4a9c-48ed-a49d-13a843c20260/download/aia-fr-acessible.pdf,,2026-05-21T15:24:18.241265
7c27654a-79da-498c-ab3c-4ea94bfd7452,d5b89acc-5f2a-435d-b8f5-18002ba24c2a,Algorithmic Impact Assessment - NCLL (Dataset),JSON,unknown,assessment,Original,Y,https://open.canada.ca/data/dataset/d5b89acc-5f2a-435d-b8f5-18002ba24c2a/resource/7c27654a-79da-498c-ab3c-4ea94bfd7452/download/aia-results-2.json,,2026-05-21T15:25:45.479530
c2863d6c-68e9-47d7-b041-48420c0bc4c1,daa9ca66-566f-4c2e-a285-d2e217c2a00f,Algorithmic Impact Assessment - Record of Employment Comments (English),PDF,en,risk_assessment,Original,Y,https://open.canada.ca/data/dataset/daa9ca66-566f-4c2e-a285-d2e217c2a00f/resource/c2863d6c-68e9-47d7-b041-48420c0bc4c1/download/aia_roec_en_revised3.pdf,321490,2024-04-25T18:20:19.105051
8f92a6cb-b85c-4ee2-a7cb-344c6f204c4b,daa9ca66-566f-4c2e-a285-d2e217c2a00f,Algorithmic Impact Assessment - Record of Employment Comments (French),PDF,fr,assessment,Original,Y,https://open.canada.ca/data/dataset/daa9ca66-566f-4c2e-a285-d2e217c2a00f/resource/8f92a6cb-b85c-4ee2-a7cb-344c6f204c4b/download/aia_roec_fr_revised3.pdf,567905,2024-04-25T18:20:59.191016
b0f33e32-5012-4709-91e1-682bb846f184,daa9ca66-566f-4c2e-a285-d2e217c2a00f,Algorithmic Impact Assessment - Record of Employment Comments,JSON,unknown,risk_assessment,Original,Y,https://open.canada.ca/data/dataset/daa9ca66-566f-4c2e-a285-d2e217c2a00f/resource/b0f33e32-5012-4709-91e1-682bb846f184/download/roec_aia-results_2024_v7.json,23110,2024-04-25T18:22:23.619414
9b2326c4-7a5c-4fb1-9d28-2004b534490a,452e10be-383d-4d7a-9c7d-6484dc366a4a,Algorithmic Impact Assessment – Study Permit Extension Eligibility Model (English),PDF,en,assessment,Original,Y,https://open.canada.ca/data/dataset/452e10be-383d-4d7a-9c7d-6484dc366a4a/resource/9b2326c4-7a5c-4fb1-9d28-2004b534490a/download/annex-a-aia-sp-ext-en.pdf,,2025-11-12T18:46:40.966004
7d81705a-0148-421b-9af9-bca0a1b20975,452e10be-383d-4d7a-9c7d-6484dc366a4a,Algorithmic Impact Assessment – Study Permit Extension Eligibility Model (French),PDF,fr,assessment,Original,Y,https://open.canada.ca/data/dataset/452e10be-383d-4d7a-9c7d-6484dc366a4a/resource/7d81705a-0148-421b-9af9-bca0a1b20975/download/annex-b-aia-sp-ext-fr.pdf,,2025-11-12T18:47:37.384640
a5fe863a-1f8d-44f6-a396-52b791faced5,452e10be-383d-4d7a-9c7d-6484dc366a4a,Algorithmic Impact Assessment – Study Permit Extension Eligibility Model (Bilingual),JSON,unknown,assessment,Original,Y,https://open.canada.ca/data/dataset/452e10be-383d-4d7a-9c7d-6484dc366a4a/resource/a5fe863a-1f8d-44f6-a396-52b791faced5/download/aia-results.json,,2025-11-12T18:48:49.755132
4382a549-ac74-4129-82b3-fc84dcc5513e,452e10be-383d-4d7a-9c7d-6484dc366a4a,Gender-based Analysis Plus Summary - Study Permit Extension Eligibility Model (English),PDF,en,assessment,Original,Y,https://open.canada.ca/data/dataset/452e10be-383d-4d7a-9c7d-6484dc366a4a/resource/4382a549-ac74-4129-82b3-fc84dcc5513e/download/gba-plus-summary-report-sp-ext-eligibility-model-en.pdf,,2026-03-31T14:33:07.408599
e3f4170e-1e67-4930-97b2-95164390ac36,452e10be-383d-4d7a-9c7d-6484dc366a4a,Gender-based Analysis Plus Summary - Study Permit Extension Eligibility Model (French),PDF,fr,assessment,Original,Y,https://open.canada.ca/data/dataset/452e10be-383d-4d7a-9c7d-6484dc366a4a/resource/e3f4170e-1e67-4930-97b2-95164390ac36/download/resume-de-levaluation-de-lacs-plus-modele-de-recevabilite-sp-ext.pdf,,2026-03-31T14:33:40.727595
f7a72e34-b2ef-49fe-8f51-b423886f570d,c839bedc-0d5f-4b02-98a7-671d1f60ac51,Algorithmic Impact Assessment - Claim Summary Tool (CST),PDF,unknown,assessment,Original,Y,https://open.canada.ca/data/dataset/c839bedc-0d5f-4b02-98a7-671d1f60ac51/resource/f7a72e34-b2ef-49fe-8f51-b423886f570d/download/algorithmic-impact-assessment-cst.pdf,276244,2026-02-21T17:01:56.522483
fbfc9ac7-1489-41e8-8172-f66bb2b674ce,c839bedc-0d5f-4b02-98a7-671d1f60ac51,Algorithmic Impact Assessment - Claim Summary Tool (CST),PDF,unknown,assessment,Original,Y,https://open.canada.ca/data/dataset/c839bedc-0d5f-4b02-98a7-671d1f60ac51/resource/fbfc9ac7-1489-41e8-8172-f66bb2b674ce/download/resultats-de-levaluation-de-lincidence-algorithmique-ordii.pdf,319667,2026-02-21T17:02:56.484741
5c2dd8dc-caec-4c5d-a06b-91bf9694c7d0,c839bedc-0d5f-4b02-98a7-671d1f60ac51,Claim Summary Tool (CST) - IRCC Peer Review Executive Summary,PDF,unknown,examination,Original,N,https://open.canada.ca/data/dataset/c839bedc-0d5f-4b02-98a7-671d1f60ac51/resource/5c2dd8dc-caec-4c5d-a06b-91bf9694c7d0/download/claim-summary-tool-cst-ircc-peer-review-executive-summary.pdf,,2026-03-12T20:33:14.397399
a02ae14f-1936-4480-a037-0d0e7d8a33fb,c839bedc-0d5f-4b02-98a7-671d1f60ac51,Claim Summary Tool (CST) - IRCC Peer Review Executive Summary,PDF,unknown,examination,Original,N,https://open.canada.ca/data/dataset/c839bedc-0d5f-4b02-98a7-671d1f60ac51/resource/a02ae14f-1936-4480-a037-0d0e7d8a33fb/download/outil-de-resume-de-la-demande-dindemnite-dinvalidite-ordii-resume-analytique-dexamen-par-les-pai.pdf,,2026-03-12T20:35:08.235612
15b71b6c-26f9-4f7b-99b7-90adeb495479,eaeb269c-6ac5-4429-a5aa-1fcc07c77933,Algorithmic Impact Assessment - Client Reporting and Engagement System (CRES)/ReportIn,PDF,unknown,tool,Original,Y,https://open.canada.ca/data/dataset/eaeb269c-6ac5-4429-a5aa-1fcc07c77933/resource/15b71b6c-26f9-4f7b-99b7-90adeb495479/download/client-reporting-and-engagement-system-cresreportin-aia-english-en-1.pdf,190121,2024-11-13T15:18:13.548965
dfd1a783-ca66-4398-ac37-63dae0d2ab1f,eaeb269c-6ac5-4429-a5aa-1fcc07c77933,Algorithmic Impact Assessment - Client Reporting and Engagement System (CRES)/ReportIn ,PDF,unknown,tool,Original,Y,https://open.canada.ca/data/dataset/eaeb269c-6ac5-4429-a5aa-1fcc07c77933/resource/dfd1a783-ca66-4398-ac37-63dae0d2ab1f/download/systeme-de-rapports-et-dengagement-des-clients-srecjemepresente-eia-french-fr.pdf,213710,2024-11-13T16:06:57.814560
f7df9ed5-31d2-4a1f-a98f-cf1b836b5b1e,eaeb269c-6ac5-4429-a5aa-1fcc07c77933,CRES ReportIn Peer Review Report and Response English,PDF,en,report,Original,N,https://open.canada.ca/data/dataset/eaeb269c-6ac5-4429-a5aa-1fcc07c77933/resource/f7df9ed5-31d2-4a1f-a98f-cf1b836b5b1e/download/cres-reportin-peer-review-report-and-response-final.pdf,995709,2024-11-13T16:08:40.930868
d431e4bf-21e4-48f7-8c2b-d4667a2ae90d,eaeb269c-6ac5-4429-a5aa-1fcc07c77933,CRES ReportIn Peer Review Report and Response English,PDF,en,report,Original,N,https://open.canada.ca/data/dataset/eaeb269c-6ac5-4429-a5aa-1fcc07c77933/resource/d431e4bf-21e4-48f7-8c2b-d4667a2ae90d/download/srec-jemepresente-evaluation-et-reponse-par-les-pairs-final.pdf,844457,2024-11-13T16:09:27.227112
dd83f660-f2c3-4de1-a953-2174e07401f8,eaeb269c-6ac5-4429-a5aa-1fcc07c77933,CRES ReportIn AIA Results json,JSON,unknown,tool,Original,Y,https://open.canada.ca/data/dataset/eaeb269c-6ac5-4429-a5aa-1fcc07c77933/resource/dd83f660-f2c3-4de1-a953-2174e07401f8/download/cres-reportin-aia-results.json,49005,2024-11-13T16:10:19.047209
f6e0e812-2a79-4033-b38b-22b46177cc62,eaeb269c-6ac5-4429-a5aa-1fcc07c77933,CRES ReportIn AIA Results json,JSON,unknown,tool,Original,Y,https://open.canada.ca/data/dataset/eaeb269c-6ac5-4429-a5aa-1fcc07c77933/resource/f6e0e812-2a79-4033-b38b-22b46177cc62/download/srec-jemepresente-eia-resultats.json,61069,2024-11-13T16:11:01.232881
c33182d7-794d-4fcd-8701-7eef185a1929,44fe9b0d-d730-43cf-ba7e-d952d55f88f2,Algorithmic Impact Assessment - CBSA Assessment and Revenue Management (CARM),PDF,unknown,assessment,Original,Y,https://open.canada.ca/data/dataset/44fe9b0d-d730-43cf-ba7e-d952d55f88f2/resource/c33182d7-794d-4fcd-8701-7eef185a1929/download/algorithmic-impact-assessment-cbsa-assessment-and-revenue-management-carm.pdf,,2025-12-08T22:19:09.263372
bbb096b4-5282-4fd9-ad0a-7720781827f2,44fe9b0d-d730-43cf-ba7e-d952d55f88f2,L'évaluation de l'incidence algorithmique - Gestion des cotisations et des recettes de l'ASFC (GCRA),PDF,unknown,assessment,Original,Y,https://open.canada.ca/data/dataset/44fe9b0d-d730-43cf-ba7e-d952d55f88f2/resource/bbb096b4-5282-4fd9-ad0a-7720781827f2/download/levaluation-de-lincidence-algorithmique-gestion-des-cotisations-et-des-recettes-de-lasfc-gcra.pdf,,2025-12-08T22:19:54.843642
895872b9-390d-42d9-a795-f9f4f79ff52a,c088f841-2d79-4c7e-9281-cc65cbae1b06,Algorithmic Impact Assessment – Pre-load Air Cargo Targeting,PDF,unknown,assessment,Original,Y,https://open.canada.ca/data/dataset/c088f841-2d79-4c7e-9281-cc65cbae1b06/resource/895872b9-390d-42d9-a795-f9f4f79ff52a/download/pact-aia_en.pdf,98167,2024-02-29T16:50:12.543000
e584032c-1011-470c-96fc-46612ae0aac3,c088f841-2d79-4c7e-9281-cc65cbae1b06,Algorithmic Impact Assessment – Pre-load Air Cargo Targeting,PDF,unknown,assessment,Original,Y,https://open.canada.ca/data/dataset/c088f841-2d79-4c7e-9281-cc65cbae1b06/resource/e584032c-1011-470c-96fc-46612ae0aac3/download/pact-aia_fr.pdf,110805,2024-02-29T16:50:32.224767
e861ce1d-60d4-4f10-8ba9-e16c7633aa32,c088f841-2d79-4c7e-9281-cc65cbae1b06,Algorithmic Impact Assessment – Pre-load Air Cargo Targeting,JSON,unknown,dataset,Original,Y,https://open.canada.ca/data/dataset/c088f841-2d79-4c7e-9281-cc65cbae1b06/resource/e861ce1d-60d4-4f10-8ba9-e16c7633aa32/download/aia-results_bilingual.json,42911,2024-02-29T15:29:41.456948
acfe70cb-a602-495b-896e-7b51fbaf9e23,c088f841-2d79-4c7e-9281-cc65cbae1b06,Peer Review Assessment Report Summary - Pre-load Air Cargo Targeting,PDF,unknown,assessment,Original,N,https://open.canada.ca/data/dataset/c088f841-2d79-4c7e-9281-cc65cbae1b06/resource/acfe70cb-a602-495b-896e-7b51fbaf9e23/download/peer-review-assessment-report-summary_for-publication.pdf,102995,2025-12-04T19:47:44.259042
67b0b587-107d-4c95-977c-e127fc7c527e,c088f841-2d79-4c7e-9281-cc65cbae1b06,Peer Review Assessment Report Summary - Pre-load Air Cargo Targeting,PDF,unknown,assessment,Original,N,https://open.canada.ca/data/dataset/c088f841-2d79-4c7e-9281-cc65cbae1b06/resource/67b0b587-107d-4c95-977c-e127fc7c527e/download/peer-review-assessment-report-summary_for-publication_tg_fr_final.pdf,101000,2025-12-04T19:44:02.359640
5618e81d-e2aa-4ed8-9627-fc676078c03a,eed746a8-a682-47c2-86b1-b427398fa2e2,Algorithmic Impact Assessment - Export Compliance Dashboard,PDF,unknown,assessment,Original,Y,https://open.canada.ca/data/dataset/eed746a8-a682-47c2-86b1-b427398fa2e2/resource/5618e81d-e2aa-4ed8-9627-fc676078c03a/download/aia-export-compliance-dashboard-en.pdf,,2025-10-23T20:12:28.177557
986dd2d9-0346-4138-b318-5fc2dd692cae,eed746a8-a682-47c2-86b1-b427398fa2e2,L'évaluation de l'incidence algorithmique - Tableau de bord de conformité des exportations,PDF,unknown,assessment,Original,Y,https://open.canada.ca/data/dataset/eed746a8-a682-47c2-86b1-b427398fa2e2/resource/986dd2d9-0346-4138-b318-5fc2dd692cae/download/aia-export-compliance-dashboard-fr.pdf,,2025-10-23T20:13:44.415891
9d45bfac-0e30-4f36-ae8e-b11c4ff9fda5,1257e5c1-243f-4ab8-be42-e7433c8ebe70,Algorithmic Impact Assessment - Passport Program Facial Recognition System (English),PDF,en,assessment,Original,Y,https://open.canada.ca/data/dataset/1257e5c1-243f-4ab8-be42-e7433c8ebe70/resource/9d45bfac-0e30-4f36-ae8e-b11c4ff9fda5/download/annex-a.-algorithmic-impact-assessment-facial-recognition-system-en.pdf,,2025-08-20T16:52:11.797481
bc604193-d419-45d7-818d-f4b76a41094e,1257e5c1-243f-4ab8-be42-e7433c8ebe70,Algorithmic Impact Assessment - Passport Program Facial Recognition System (French),PDF,fr,assessment,Original,Y,https://open.canada.ca/data/dataset/1257e5c1-243f-4ab8-be42-e7433c8ebe70/resource/bc604193-d419-45d7-818d-f4b76a41094e/download/annex-b.-resultats-de-levaluation-de-lincidence-algorithmique-pdf.pdf,,2025-08-20T16:54:14.348462
372b9016-5a9c-46a1-af95-fdc0ab3119c0,1257e5c1-243f-4ab8-be42-e7433c8ebe70,Algorithmic Impact Assessment - Passport Program Facial Recognition System (bilingual),JSON,unknown,assessment,Original,Y,https://open.canada.ca/data/dataset/1257e5c1-243f-4ab8-be42-e7433c8ebe70/resource/372b9016-5a9c-46a1-af95-fdc0ab3119c0/download/algorithmic-impact-assessment-passport-program-facial-recognition-system-bilingual.json,,2025-08-20T16:56:47.725644
034ed718-1364-413b-84d1-1d82d080015e,1257e5c1-243f-4ab8-be42-e7433c8ebe70,Gender-based Analysis Plus - Passport Program Facial Recognition System (English),PDF,en,assessment,Original,Y,https://open.canada.ca/data/dataset/1257e5c1-243f-4ab8-be42-e7433c8ebe70/resource/034ed718-1364-413b-84d1-1d82d080015e/download/summary-for-publication-passport-facial-recognition-system-gba-plus.pdf,187860,2025-08-20T20:07:02.996458
17389218-1d1a-4292-b29b-b001a605b105,1257e5c1-243f-4ab8-be42-e7433c8ebe70,Gender-based Analysis Plus - Passport Program Facial Recognition System (French),PDF,fr,assessment,Original,Y,https://open.canada.ca/data/dataset/1257e5c1-243f-4ab8-be42-e7433c8ebe70/resource/17389218-1d1a-4292-b29b-b001a605b105/download/analyse-comparative-entre-les-sexes-plus-pour-le-systeme-de-reconnaissance-faciale-du-programme-.pdf,188284,2025-08-20T20:14:28.852301
ec3f935c-2192-4ebd-b21b-4265a9d0e08a,b92cbf7b-3b1c-4b02-a219-ce5b9bdb030d,Automate the review of non-complex applications for Temporary Resident Visas and Work Permits made under the Canada-Ukraine Authorization for Emergency Travel (CUAET),PDF,unknown,assessment,Original,Y,https://open.canada.ca/data/dataset/b92cbf7b-3b1c-4b02-a219-ce5b9bdb030d/resource/ec3f935c-2192-4ebd-b21b-4265a9d0e08a/download/f01253979-annex-a-aia-on-cuaet-automation-en.pdf,62535,2022-11-30T17:59:23.851510
7ec7d182-c020-49a5-a35c-9fbac7fa623f,b92cbf7b-3b1c-4b02-a219-ce5b9bdb030d,Automate the review of non-complex applications for Temporary Resident Visas and Work Permits made under the Canada-Ukraine Authorization for Emergency Travel (CUAET),PDF,unknown,assessment,Original,Y,https://open.canada.ca/data/dataset/b92cbf7b-3b1c-4b02-a219-ce5b9bdb030d/resource/7ec7d182-c020-49a5-a35c-9fbac7fa623f/download/f01253979-annex-b-aia-on-cuaet-automation-fr.pdf,67553,2022-11-30T18:01:08.349710
e5b61ba7-234a-41e0-8898-361841152bca,b92cbf7b-3b1c-4b02-a219-ce5b9bdb030d,Automate the review of non-complex applications for Temporary Resident Visas and Work Permits made under the Canada-Ukraine Authorization for Emergency Travel (CUAET),JSON,unknown,assessment,Original,Y,https://open.canada.ca/data/dataset/b92cbf7b-3b1c-4b02-a219-ce5b9bdb030d/resource/e5b61ba7-234a-41e0-8898-361841152bca/download/aia-on-cuaet-automation.json,11432,2022-11-30T18:02:22.738444
37f7ffe5-3a8a-49ab-9a7a-6fde6266703c,b92cbf7b-3b1c-4b02-a219-ce5b9bdb030d,Peer Review - Automate the review of non-complex applications for Temporary Resident Visas and Work Permits made under the Canada-Ukraine Authorization for Emergency Travel (CUAET) (English),PDF,en,assessment,Original,N,https://open.canada.ca/data/dataset/b92cbf7b-3b1c-4b02-a219-ce5b9bdb030d/resource/37f7ffe5-3a8a-49ab-9a7a-6fde6266703c/download/en_peer-review-of-the-automation-to-process-cuaet-tr-applications-executive-summary.pdf,,2025-05-14T13:31:35.695239
d42a72a6-cd23-4a9b-a875-5654e22ed120,b92cbf7b-3b1c-4b02-a219-ce5b9bdb030d,Peer Review - Automate the review of non-complex applications for Temporary Resident Visas and Work Permits made under the Canada-Ukraine Authorization for Emergency Travel (CUAET) (French),PDF,fr,assessment,Original,N,https://open.canada.ca/data/dataset/b92cbf7b-3b1c-4b02-a219-ce5b9bdb030d/resource/d42a72a6-cd23-4a9b-a875-5654e22ed120/download/fr_peer-review-of-the-automation-to-process-cuaet-tr-applications-executive-summary.pdf,,2025-05-14T13:32:53.582074
880438b2-0c55-4ad3-98a5-9df8b9eb5496,b92cbf7b-3b1c-4b02-a219-ce5b9bdb030d,Gender-Based Analysis Plus Summary – Automate the review of non-complex applications for Temporary Resident Visas and Work Permits made under the Canada-Ukraine Authorization for Emergency Travel (CUAET) (English),PDF,en,assessment,Original,Y,https://open.canada.ca/data/dataset/b92cbf7b-3b1c-4b02-a219-ce5b9bdb030d/resource/880438b2-0c55-4ad3-98a5-9df8b9eb5496/download/gender-based-analysis-plus-summary-automate-the-review-of-non-complex-applications-for-temporary.pdf,,2025-07-29T12:52:07.917731
713d86d6-4bda-4900-8f90-e15b4a534a8d,b92cbf7b-3b1c-4b02-a219-ce5b9bdb030d,Gender-Based Analysis Plus Summary – Automate the review of non-complex applications for Temporary Resident Visas and Work Permits made under the Canada-Ukraine Authorization for Emergency Travel (CUAET) (French),PDF,fr,assessment,Original,Y,https://open.canada.ca/data/dataset/b92cbf7b-3b1c-4b02-a219-ce5b9bdb030d/resource/713d86d6-4bda-4900-8f90-e15b4a534a8d/download/resume-de-lanalyse-comparative-entre-les-sexes-plus-processus-decisionnel-automatise-pour-les-de.pdf,,2025-07-29T12:53:09.268025
33806abe-0317-4338-a4f8-88091b0511d7,d24ae2dd-8399-4b49-8441-3e0318aaf69a,RAP_EVM_AIA_EN,PDF,en,risk_assessment,Original,Y,https://open.canada.ca/data/dataset/d24ae2dd-8399-4b49-8441-3e0318aaf69a/resource/33806abe-0317-4338-a4f8-88091b0511d7/download/rap-evm_aia_en_2.pdf,92680,2025-06-09T14:51:08.710738
95f5d608-487e-48db-9a5b-2721056e84ee,d24ae2dd-8399-4b49-8441-3e0318aaf69a,RAP_EVM_AIA_FR,PDF,fr,risk_assessment,Original,Y,https://open.canada.ca/data/dataset/d24ae2dd-8399-4b49-8441-3e0318aaf69a/resource/95f5d608-487e-48db-9a5b-2721056e84ee/download/rap_evm_aia_fr.pdf,,2025-05-15T14:42:49.020015
5acdc34d-7bbe-45a1-b57c-753ca5fd7b47,d24ae2dd-8399-4b49-8441-3e0318aaf69a,RAP-EVM_EN,JSON,en,risk_assessment,Original,Y,https://open.canada.ca/data/dataset/d24ae2dd-8399-4b49-8441-3e0318aaf69a/resource/5acdc34d-7bbe-45a1-b57c-753ca5fd7b47/download/rap-evm_en.json,,2025-05-15T14:43:35.806316
3de9108f-c504-402f-ac47-4fda7c0e1ed8,d24ae2dd-8399-4b49-8441-3e0318aaf69a,RAP-EVM_FR,JSON,fr,risk_assessment,Original,Y,https://open.canada.ca/data/dataset/d24ae2dd-8399-4b49-8441-3e0318aaf69a/resource/3de9108f-c504-402f-ac47-4fda7c0e1ed8/download/rap-evm_fr.json,,2025-05-15T14:44:10.840040
300a0d46-f5d5-4bfb-afef-68a6476daee0,b3dc23b6-8c06-4c45-bc65-4cb4ec30bf80,TFWP_AIA_OpenGovernmentPortal_EN,PDF,en,risk_assessment,Original,Y,https://open.canada.ca/data/dataset/b3dc23b6-8c06-4c45-bc65-4cb4ec30bf80/resource/300a0d46-f5d5-4bfb-afef-68a6476daee0/download/tfwp_aia_en_0206_v3.pdf,73639,2025-06-05T18:07:57.136759
9e000e08-5a46-4bba-8cfa-69346fd8e165,b3dc23b6-8c06-4c45-bc65-4cb4ec30bf80,TFWP_AIA_OpenGovernmentPortal_FR,PDF,fr,risk_assessment,Original,Y,https://open.canada.ca/data/dataset/b3dc23b6-8c06-4c45-bc65-4cb4ec30bf80/resource/9e000e08-5a46-4bba-8cfa-69346fd8e165/download/tfwp_aia_fr_0206_v3.pdf,83264,2025-06-05T18:08:19.752582
324b202e-6160-43bd-a54f-7721b173c1f9,b3dc23b6-8c06-4c45-bc65-4cb4ec30bf80,TFWP_OpenGovernmentPortal_EN,JSON,en,risk_assessment,Original,Y,https://open.canada.ca/data/dataset/b3dc23b6-8c06-4c45-bc65-4cb4ec30bf80/resource/324b202e-6160-43bd-a54f-7721b173c1f9/download/tfwp_opengovernmentportal_en.json,,2025-05-28T20:00:04.842082
c73e91b6-804d-4dad-8f41-9fe3cf87bb9c,b3dc23b6-8c06-4c45-bc65-4cb4ec30bf80,TFWP_OpenGovernmentPortal_FR,JSON,fr,risk_assessment,Original,Y,https://open.canada.ca/data/dataset/b3dc23b6-8c06-4c45-bc65-4cb4ec30bf80/resource/c73e91b6-804d-4dad-8f41-9fe3cf87bb9c/download/tfwp_opengovernmentportal_fr.json,,2025-05-28T20:00:23.519798
c5b4aadc-a9d3-459e-9194-53cf01ce7265,f028d40f-3c0e-4a36-8a38-fe18d7aaaa32,Algorithmic Impact Assessment - Passport Program Modernization Initiative  (English),PDF,en,tool,Original,Y,https://open.canada.ca/data/dataset/f028d40f-3c0e-4a36-8a38-fe18d7aaaa32/resource/c5b4aadc-a9d3-459e-9194-53cf01ce7265/download/aia-en.pdf,61140,2022-10-25T18:35:37.169004
c47505c4-ae17-432c-ad41-536ed920baae,f028d40f-3c0e-4a36-8a38-fe18d7aaaa32,Algorithmic Impact Assessment - Passport Program Modernization Initiative (French),PDF,fr,tool,Original,Y,https://open.canada.ca/data/dataset/f028d40f-3c0e-4a36-8a38-fe18d7aaaa32/resource/c47505c4-ae17-432c-ad41-536ed920baae/download/aia-fr.pdf,66494,2022-10-25T18:36:31.390107
9e4ea10f-b233-453c-a85e-f58f315ffe9d,f028d40f-3c0e-4a36-8a38-fe18d7aaaa32,Algorithmic Impact Assessment - Passport Program Modernization Initiative  (English),JSON,en,tool,Original,Y,https://open.canada.ca/data/dataset/f028d40f-3c0e-4a36-8a38-fe18d7aaaa32/resource/9e4ea10f-b233-453c-a85e-f58f315ffe9d/download/surveyresults.json,6397,2022-10-25T18:37:13.924692
7a625642-e25a-4fc0-b76c-3444f21cf5d5,f028d40f-3c0e-4a36-8a38-fe18d7aaaa32,Algorithmic Impact Assessment - Passport Program Modernization Initiative  (French),JSON,fr,tool,Original,Y,https://open.canada.ca/data/dataset/f028d40f-3c0e-4a36-8a38-fe18d7aaaa32/resource/7a625642-e25a-4fc0-b76c-3444f21cf5d5/download/aia-results-fr.json,7598,2022-10-25T18:37:54.236644
e973c6b2-fb73-48c8-a26a-b3d385549b11,f028d40f-3c0e-4a36-8a38-fe18d7aaaa32,Summary of Gender-Based Analysis Plus (GBA Plus +) assessment – For the Passport Automated Decision-Making in IRCC’s Global Case Management System (GCMS). (English) ,PDF,en,assessment,Original,N,https://open.canada.ca/data/dataset/f028d40f-3c0e-4a36-8a38-fe18d7aaaa32/resource/e973c6b2-fb73-48c8-a26a-b3d385549b11/download/gba-plus-summary-en_final.pdf,,2025-06-02T13:17:10.146030
0afae4f3-1920-4788-b521-1db38c196bb0,f028d40f-3c0e-4a36-8a38-fe18d7aaaa32,Summary of Gender-Based Analysis Plus (GBA Plus +) assessment – For the Passport Automated Decision-Making in IRCC’s Global Case Management System (GCMS). (French),PDF,fr,assessment,Original,N,https://open.canada.ca/data/dataset/f028d40f-3c0e-4a36-8a38-fe18d7aaaa32/resource/0afae4f3-1920-4788-b521-1db38c196bb0/download/gba-plus-summary-_fr_final.pdf,,2025-06-02T13:18:44.734226
62473d4f-d38c-4b35-8adf-784da82bf516,240f1dbc-a3b5-46b1-9b5f-d0d3cbec9378,Algorithmic Impact Assessment - Integrity trends analysis tool (English),PDF,en,assessment,Original,Y,https://open.canada.ca/data/dataset/240f1dbc-a3b5-46b1-9b5f-d0d3cbec9378/resource/62473d4f-d38c-4b35-8adf-784da82bf516/download/aia-document-in-pdf-format-en.pdf,98208,2025-03-28T14:14:59.923184
f723a4ed-b63c-420b-abd4-1b88bfd1d877,240f1dbc-a3b5-46b1-9b5f-d0d3cbec9378,Algorithmic Impact Assessment - Integrity trends analysis tool (French),PDF,fr,assessment,Original,Y,https://open.canada.ca/data/dataset/240f1dbc-a3b5-46b1-9b5f-d0d3cbec9378/resource/f723a4ed-b63c-420b-abd4-1b88bfd1d877/download/aia-document-in-pdf-format-fr.pdf,109575,2025-03-28T14:16:34.023485
f6be66ec-30dc-4ce4-8266-90ffe3e7a680,240f1dbc-a3b5-46b1-9b5f-d0d3cbec9378,Algorithmic Impact Assessment - Integrity trends analysis tool (English and French),JSON,bilingual,dataset,Original,Y,https://open.canada.ca/data/dataset/240f1dbc-a3b5-46b1-9b5f-d0d3cbec9378/resource/f6be66ec-30dc-4ce4-8266-90ffe3e7a680/download/aia-results_mar-25.json,38952,2025-03-28T14:19:15.594127
f2d56909-b044-49ea-9759-cb75466c1f41,240f1dbc-a3b5-46b1-9b5f-d0d3cbec9378,Peer Review for Integrity Trends Analysis Tool (ITAT) - English,PDF,en,assessment,Original,N,https://open.canada.ca/data/dataset/240f1dbc-a3b5-46b1-9b5f-d0d3cbec9378/resource/f2d56909-b044-49ea-9759-cb75466c1f41/download/3.0-annex-a-peer-review-for-itat-and-ircc-response.pdf,,2025-03-28T14:22:28.642927
e88b0b98-5599-45fb-a494-ddb094dbf82e,240f1dbc-a3b5-46b1-9b5f-d0d3cbec9378,Peer Review for Integrity Trends Analysis Tool (ITAT) - French,PDF,fr,assessment,Original,N,https://open.canada.ca/data/dataset/240f1dbc-a3b5-46b1-9b5f-d0d3cbec9378/resource/e88b0b98-5599-45fb-a494-ddb094dbf82e/download/3.1-annex-a-french-peer-review-for-itat-and-ircc-response.pdf,,2025-03-28T14:23:26.247842
bc374086-5077-4b1f-93f0-37e6e2cb74c3,71b309a0-efd2-4e85-8124-37e935c23aef,Algorithmic Impact Assessment - Administrative Activities Support Tool - English,PDF,en,assessment,Original,Y,https://open.canada.ca/data/dataset/71b309a0-efd2-4e85-8124-37e935c23aef/resource/bc374086-5077-4b1f-93f0-37e6e2cb74c3/download/annex-a-aast-aia-2025-01-28-en.pdf.pdf,,2025-03-27T13:46:07.975557
a426e30a-9ef5-4be6-a670-f42867462e86,71b309a0-efd2-4e85-8124-37e935c23aef,Algorithmic Impact Assessment - Administrative Activities Support Tool - French,PDF,fr,assessment,Original,Y,https://open.canada.ca/data/dataset/71b309a0-efd2-4e85-8124-37e935c23aef/resource/a426e30a-9ef5-4be6-a670-f42867462e86/download/annex-b-aast-aia-2025-01-28-fr.pdf.pdf,,2025-03-27T14:00:19.316071
d3a87838-9a6f-4968-bfa1-163578e2412c,71b309a0-efd2-4e85-8124-37e935c23aef,Algorithmic Impact Assessment - Administrative Activities Support Tool - (English and French),JSON,bilingual,assessment,Original,Y,https://open.canada.ca/data/dataset/71b309a0-efd2-4e85-8124-37e935c23aef/resource/d3a87838-9a6f-4968-bfa1-163578e2412c/download/aia-results-resultats-de-leia-1.json,,2025-03-27T14:01:32.893094
eefd56bd-c5b6-44e4-b2e5-8cf306967e83,061ee9d1-a04a-4590-a381-df8527390f68,"AIA v1 (PDF file, in English)",PDF,en,assessment,Original,Y,https://donnees-data.tpsgc-pwgsc.gc.ca/bh1/eiaia-aiaai/eia-ia_aia-ai-v1-eng.pdf,,2024-04-18T14:32:32.720360
237f5312-ca2d-4bc5-a3a1-ee8ad3e3f08d,061ee9d1-a04a-4590-a381-df8527390f68,"AIA v1 (PDF file, in French)",PDF,fr,assessment,Original,Y,https://donnees-data.tpsgc-pwgsc.gc.ca/bh1/eiaia-aiaai/eia-ia_aia-ai-v1-fra.pdf,,2024-04-18T14:32:32.720365
b937debc-61e8-4200-be45-f5362a308a1b,061ee9d1-a04a-4590-a381-df8527390f68,"AIA v1 (HTML of the PDF file, in English)",HTML,en,assessment,Original,N,https://donnees-data.tpsgc-pwgsc.gc.ca/bh1/eiaia-aiaai/eia-ia_aia-ai-v1-eng.html,,2024-04-18T14:32:32.720368
18cdd14e-a53e-4cf8-a4d7-c302813385c9,061ee9d1-a04a-4590-a381-df8527390f68,"AIA v1 (HTML of the PDF file, in French)",HTML,fr,assessment,Original,N,https://donnees-data.tpsgc-pwgsc.gc.ca/bh1/eiaia-aiaai/eia-ia_aia-ai-v1-fra.html,,2024-04-18T14:32:32.720370
4568a41c-76f7-4b63-bf95-598b2bbe745a,061ee9d1-a04a-4590-a381-df8527390f68,AIA v1 (bilingual JSON file),JSON,unknown,assessment,Original,Y,https://donnees-data.tpsgc-pwgsc.gc.ca/bh1/eiaia-aiaai/eia-ia_aia-ai-v1.json,,2024-04-18T14:32:32.720372
86ec91c5-a8a9-4b48-b48d-8431fe7ab888,061ee9d1-a04a-4590-a381-df8527390f68,"AIA v2 (PDF file, in English)",PDF,en,assessment,Original,Y,https://donnees-data.tpsgc-pwgsc.gc.ca/bh1/eiaia-aiaai/eia-ia_aia-ai-v2-2-eng.pdf,,2024-08-27T17:16:26.718173
0f281c07-ba29-47eb-afb8-8b41836833c5,061ee9d1-a04a-4590-a381-df8527390f68,"AIA v2 (PDF file, in French)",PDF,fr,assessment,Original,Y,https://donnees-data.tpsgc-pwgsc.gc.ca/bh1/eiaia-aiaai/eia-ia_aia-ai-v2-2-fra.pdf,,2024-08-27T17:16:46.458799
8c6c6f63-7c2d-4610-aa2e-589905e46812,061ee9d1-a04a-4590-a381-df8527390f68,"AIA v2 (HTML of the PDF file, in English)",HTML,en,assessment,Original,N,https://donnees-data.tpsgc-pwgsc.gc.ca/bh1/eiaia-aiaai/eia-ia_aia-ai-v2-2-eng.html,,2024-09-05T18:40:29.798799
69d807e0-cb2b-4710-9bf9-1e4a94b26afa,061ee9d1-a04a-4590-a381-df8527390f68,"AIA v2 (HTML of the PDF file, in French)",HTML,fr,assessment,Original,N,https://donnees-data.tpsgc-pwgsc.gc.ca/bh1/eiaia-aiaai/eia-ia_aia-ai-v2-2-fra.html,,2024-09-05T18:40:29.798805
50c9ebc9-3800-48ec-8d72-5f61de9bb8df,061ee9d1-a04a-4590-a381-df8527390f68,AIA v2 (bilingual JSON file),JSON,unknown,assessment,Original,Y,https://donnees-data.tpsgc-pwgsc.gc.ca/bh1/eiaia-aiaai/eia-ia_aia-ai-v2-2.json,,2024-09-05T18:50:30.174388
4206e804-e90f-499d-8088-a8048a10e77b,01396e33-2c69-47e5-9381-32e717943b96,Algorithmic Impact Assessment – Advanced Analytics Triage of Visitor Record Applications (English),PDF,en,tool,Original,Y,https://open.canada.ca/data/dataset/01396e33-2c69-47e5-9381-32e717943b96/resource/4206e804-e90f-499d-8088-a8048a10e77b/download/aia-english.pdf,72513,2025-02-21T13:28:43.527160
78c0a4b3-a317-4c74-8865-0f9bea620d4f,01396e33-2c69-47e5-9381-32e717943b96,Algorithmic Impact Assessment – Advanced Analytics Triage of Visitor Record Applications (French),PDF,fr,tool,Original,Y,https://open.canada.ca/data/dataset/01396e33-2c69-47e5-9381-32e717943b96/resource/78c0a4b3-a317-4c74-8865-0f9bea620d4f/download/aia-french.pdf,79432,2025-02-21T13:33:45.364907
55aa7b2d-c272-4e63-895c-63600f2769a6,01396e33-2c69-47e5-9381-32e717943b96,Algorithmic Impact Assessment – Advanced Analytics Triage of Visitor Record Applications (bilingual file),JSON,unknown,tool,Original,Y,https://open.canada.ca/data/dataset/01396e33-2c69-47e5-9381-32e717943b96/resource/55aa7b2d-c272-4e63-895c-63600f2769a6/download/aia-results-bilingual.json,18589,2025-02-21T13:37:32.168245
75dddd64-f482-4b6e-a2e0-7f6ab35fef84,01396e33-2c69-47e5-9381-32e717943b96,Peer Review by Shared Services Canada of the Advanced Analytics Triage for Visitor Record Applications - Executive Summary (English),PDF,en,assessment,Original,N,https://open.canada.ca/data/dataset/01396e33-2c69-47e5-9381-32e717943b96/resource/75dddd64-f482-4b6e-a2e0-7f6ab35fef84/download/annex-a-vr-model-peer-review-summary-en.pdf,,2025-02-21T13:45:58.805346
a0c8c38a-8ae5-4d5a-8cc6-9731a725abc6,01396e33-2c69-47e5-9381-32e717943b96,Peer Review by Shared Services Canada of the Advanced Analytics Triage for Visitor Record Applications - Executive Summary (French),PDF,fr,assessment,Original,N,https://open.canada.ca/data/dataset/01396e33-2c69-47e5-9381-32e717943b96/resource/a0c8c38a-8ae5-4d5a-8cc6-9731a725abc6/download/annex-a-vr-model-peer-review-summary-fr.pdf,,2025-02-21T13:49:04.434622
9f4dea84-e7ca-47ae-8b14-0fe2becfe6db,6cba99b1-ea2c-4f8a-b954-3843ecd3a7f0,AIA for the Advanced Analytics Triage of Overseas Temporary Resident Visa Applications (English),PDF,en,assessment,Original,Y,https://open.canada.ca/data/dataset/6cba99b1-ea2c-4f8a-b954-3843ecd3a7f0/resource/9f4dea84-e7ca-47ae-8b14-0fe2becfe6db/download/trv-aia-en-may-2022.pdf,89668,2022-05-31T14:23:01.616156
ca92cbd9-948d-46ab-8c4a-095a5f053d58,6cba99b1-ea2c-4f8a-b954-3843ecd3a7f0,AIA for the Advanced Analytics Triage of Overseas Temporary Resident Visa Applications (French),PDF,fr,assessment,Original,Y,https://open.canada.ca/data/dataset/6cba99b1-ea2c-4f8a-b954-3843ecd3a7f0/resource/ca92cbd9-948d-46ab-8c4a-095a5f053d58/download/trv-aia-fr-may-2022.pdf,100013,2022-05-31T14:23:26.223390
7d98e1ba-7e23-4039-8ae2-950462ee9437,6cba99b1-ea2c-4f8a-b954-3843ecd3a7f0,AIA for the Advanced Analytics Triage of Overseas Temporary Resident Visa Applications (Dataset),JSON,unknown,dataset,Original,Y,https://open.canada.ca/data/dataset/6cba99b1-ea2c-4f8a-b954-3843ecd3a7f0/resource/7d98e1ba-7e23-4039-8ae2-950462ee9437/download/trv-aia-en-fr-results-24-may-2022.json,17734,2022-05-31T14:23:47.381722
3ad57506-42ea-4916-8e5f-d06ea01e449b,6cba99b1-ea2c-4f8a-b954-3843ecd3a7f0,Peer Review for Advanced Analytics Triage of Overseas Temporary Resident Visa Applications (English),PDF,en,assessment,Original,N,https://open.canada.ca/data/dataset/6cba99b1-ea2c-4f8a-b954-3843ecd3a7f0/resource/3ad57506-42ea-4916-8e5f-d06ea01e449b/download/peer-review-for-advanced-analytics-triage-of-overseas-temporary-resident-visa-applications-engli.pdf,,2025-01-27T13:00:42.042699
fd27e884-4c14-4b9c-9b86-77d682b8557c,6cba99b1-ea2c-4f8a-b954-3843ecd3a7f0,Peer Review for Advanced Analytics Triage of Overseas Temporary Resident Visa Applications (French),PDF,fr,assessment,Original,N,https://open.canada.ca/data/dataset/6cba99b1-ea2c-4f8a-b954-3843ecd3a7f0/resource/fd27e884-4c14-4b9c-9b86-77d682b8557c/download/peer-review-for-advanced-analytics-triage-of-overseas-temporary-resident-visa-applications-frenc.pdf,,2025-01-27T13:03:13.112498
f98eae5a-e3f2-472a-a20c-129fc060ccc9,7612202f-1530-41ce-80c7-6e121f5fcadc,Algorithmic Impact Assessments Results - Voice 2 Text application.,PDF,unknown,assessment,Original,Y,https://open.canada.ca/data/dataset/7612202f-1530-41ce-80c7-6e121f5fcadc/resource/f98eae5a-e3f2-472a-a20c-129fc060ccc9/download/voice2text_aia-en.pdf,71488,2024-12-19T15:57:09.584557
9d266f4d-41b6-4958-9d29-06b234aff468,7612202f-1530-41ce-80c7-6e121f5fcadc,Algorithmic Impact Assessments Results - Voice 2 Text application.,PDF,unknown,assessment,Original,Y,https://open.canada.ca/data/dataset/7612202f-1530-41ce-80c7-6e121f5fcadc/resource/9d266f4d-41b6-4958-9d29-06b234aff468/download/voice2text_aia-fr.pdf,75769,2024-12-19T15:58:10.682165
52fbe5b9-6187-49f8-88ec-b9325bda86e9,123aefbb-c9cb-4243-9be3-7f901daf13f7,Old Age Security Extended Absence Leave Prioritization_EN,PDF,en,assessment,Original,Y,https://open.canada.ca/data/dataset/123aefbb-c9cb-4243-9be3-7f901daf13f7/resource/52fbe5b9-6187-49f8-88ec-b9325bda86e9/download/oas_eav_acc_final.pdf,,2024-12-09T20:12:39.066848
23bbcc79-5007-475f-b70f-aacc43d9cc85,123aefbb-c9cb-4243-9be3-7f901daf13f7,Old Age Security Extended Absence Leave Prioritization_FR,PDF,fr,assessment,Original,Y,https://open.canada.ca/data/dataset/123aefbb-c9cb-4243-9be3-7f901daf13f7/resource/23bbcc79-5007-475f-b70f-aacc43d9cc85/download/oas_eav_acc_finalfr.pdf,,2024-12-09T20:13:27.696769
dd2169f1-f2a4-412d-a488-f02aaeed6e0d,123aefbb-c9cb-4243-9be3-7f901daf13f7,Old Age Security Extended Absence Leave Prioritization,JSON,unknown,assessment,Original,Y,https://open.canada.ca/data/dataset/123aefbb-c9cb-4243-9be3-7f901daf13f7/resource/dd2169f1-f2a4-412d-a488-f02aaeed6e0d/download/oas-eav_aia_v7.json,,2024-12-09T20:14:41.125746
aa0e96d8-0432-4398-948d-6d52cb5f0472,cea9985f-5e0f-425e-9b7e-e1d122272c56,Data Dictionary (English),CSV,en,guide,Original,N,https://open.canada.ca/data/dataset/cea9985f-5e0f-425e-9b7e-e1d122272c56/resource/aa0e96d8-0432-4398-948d-6d52cb5f0472/download/en-data-dictionary-aia-aors.csv,10632,2024-07-11T20:25:18.700538
ad75051c-c35a-42c4-b773-de170bb2bdc5,cea9985f-5e0f-425e-9b7e-e1d122272c56,Data Dictionary (French) ,CSV,fr,guide,Original,N,https://open.canada.ca/data/dataset/cea9985f-5e0f-425e-9b7e-e1d122272c56/resource/ad75051c-c35a-42c4-b773-de170bb2bdc5/download/fr-data-dictionary-aia-aors.csv,12117,2020-01-31T13:22:07.979388
51b5378f-1f1d-4a20-a7c8-4f313ae6c617,cea9985f-5e0f-425e-9b7e-e1d122272c56,Detailed Results,CSV,unknown,dataset,Original,Y,https://open.canada.ca/data/dataset/cea9985f-5e0f-425e-9b7e-e1d122272c56/resource/51b5378f-1f1d-4a20-a7c8-4f313ae6c617/download/aors-aia-1.csv,2701,2024-07-11T20:29:08.389402
57087e3d-26bb-42e6-8e8b-573f65a1fea0,cea9985f-5e0f-425e-9b7e-e1d122272c56,2021 Update - Results - EN,PDF,unknown,report,2021 Update,Y,https://open.canada.ca/data/dataset/cea9985f-5e0f-425e-9b7e-e1d122272c56/resource/57087e3d-26bb-42e6-8e8b-573f65a1fea0/download/atip-digital-services-aia-en.pdf,52396,2021-02-17T20:01:22.847391
d9879fa3-d2a4-42e2-81bc-b8e20c7d6752,cea9985f-5e0f-425e-9b7e-e1d122272c56,2021 Update - Results - FR,PDF,unknown,report,2021 Update,Y,https://open.canada.ca/data/dataset/cea9985f-5e0f-425e-9b7e-e1d122272c56/resource/d9879fa3-d2a4-42e2-81bc-b8e20c7d6752/download/services-numeriques-aiprp-eia-fr.pdf,57198,2021-02-17T20:01:22.847397
5678a163-bfaa-4006-b655-75c5fe421d58,cea9985f-5e0f-425e-9b7e-e1d122272c56,2021 Update - Detailed Data,JSON,unknown,dataset,2021 Update,Y,https://open.canada.ca/data/dataset/cea9985f-5e0f-425e-9b7e-e1d122272c56/resource/5678a163-bfaa-4006-b655-75c5fe421d58/download/atip-digital-services-aia.json,3048,2021-02-17T20:01:22.847400
612bf087-68b3-4358-bff6-6e49746c89ec,cea9985f-5e0f-425e-9b7e-e1d122272c56,2021 Update 2 - Detailed Data,JSON,unknown,dataset,2021 Update 2,Y,https://open.canada.ca/data/dataset/cea9985f-5e0f-425e-9b7e-e1d122272c56/resource/612bf087-68b3-4358-bff6-6e49746c89ec/download/atip-digital-services-aia.json,3126,2021-04-07T19:41:03.225673
e0c7180c-71b0-4251-8cd1-35ab477a54c0,cea9985f-5e0f-425e-9b7e-e1d122272c56,2021 Update 2 - Results,PDF,unknown,report,2021 Update 2,Y,https://open.canada.ca/data/dataset/cea9985f-5e0f-425e-9b7e-e1d122272c56/resource/e0c7180c-71b0-4251-8cd1-35ab477a54c0/download/atip-digital-services-aia-en.pdf,49515,2021-04-07T19:41:03.225678
2cf21c61-75b0-4324-b072-c0c3df71e6e6,cea9985f-5e0f-425e-9b7e-e1d122272c56,2021 Update 2 - Results - FR,PDF,unknown,report,2021 Update 2,Y,https://open.canada.ca/data/dataset/cea9985f-5e0f-425e-9b7e-e1d122272c56/resource/2cf21c61-75b0-4324-b072-c0c3df71e6e6/download/services-numeriques-aiprp-eia-fr.pdf,53091,2021-04-07T19:41:03.225681
96a7cf6f-62e0-495d-9901-7493f2e7c157,cea9985f-5e0f-425e-9b7e-e1d122272c56,2022 Update - Results,PDF,unknown,report,2022 Update,Y,https://open.canada.ca/data/dataset/cea9985f-5e0f-425e-9b7e-e1d122272c56/resource/96a7cf6f-62e0-495d-9901-7493f2e7c157/download/atip-digital-services-aia-en.pdf,53180,2022-05-03T14:37:30.035588
cd4de168-628a-45b5-92e3-5cc2394cdf8e,cea9985f-5e0f-425e-9b7e-e1d122272c56,2022 Update - Results - FR,PDF,unknown,report,2022 Update,Y,https://open.canada.ca/data/dataset/cea9985f-5e0f-425e-9b7e-e1d122272c56/resource/cd4de168-628a-45b5-92e3-5cc2394cdf8e/download/services-numeriques-aiprp-eia-fr.pdf,56764,2022-05-03T14:38:45.599510
1c69df96-52ac-4226-b144-a16d8fb20526,cea9985f-5e0f-425e-9b7e-e1d122272c56,2022 Update - Detailed Data,JSON,unknown,dataset,2022 Update,Y,https://open.canada.ca/data/dataset/cea9985f-5e0f-425e-9b7e-e1d122272c56/resource/1c69df96-52ac-4226-b144-a16d8fb20526/download/atip-digital-services-aia.json,3917,2022-05-03T14:42:12.053786
0e8c3902-9782-4407-821a-35291824087c,f95dbd40-1236-428c-acd1-25b7559686be,Algorithmic Impact Assessment - Overseas Spouse and Partner Advanced Analytics Project (English),PDF,en,assessment,Original,Y,https://open.canada.ca/data/dataset/f95dbd40-1236-428c-acd1-25b7559686be/resource/0e8c3902-9782-4407-821a-35291824087c/download/2.-annex-a-algorithm-impact-assessment.pdf,164966,2024-05-29T18:45:37.467514
649c6df0-b7ff-40bf-8ace-587adf3c5ad1,f95dbd40-1236-428c-acd1-25b7559686be,Algorithmic Impact Assessment - Overseas Spouse and Partner Advanced Analytics Project (French),PDF,fr,assessment,Original,Y,https://open.canada.ca/data/dataset/f95dbd40-1236-428c-acd1-25b7559686be/resource/649c6df0-b7ff-40bf-8ace-587adf3c5ad1/download/aia-fr-may-24.pdf,122322,2024-05-29T18:36:22.731796
b711bc0a-741c-40e7-8441-e5ac347425ba,f95dbd40-1236-428c-acd1-25b7559686be,Algorithmic Impact Assessment - Overseas Spouse and Partner Advanced Analytics Project (bilingual),JSON,unknown,dataset,Original,Y,https://open.canada.ca/data/dataset/f95dbd40-1236-428c-acd1-25b7559686be/resource/b711bc0a-741c-40e7-8441-e5ac347425ba/download/aia-results-french.json,20702,2024-05-29T18:37:41.710877
ad8dd581-6a9c-40f1-ae56-1ed2f0698701,f95dbd40-1236-428c-acd1-25b7559686be,Peer Review Summary - Overseas Spouse and Partner Advanced Analytics Project (English),PDF,en,report,Original,N,https://open.canada.ca/data/dataset/f95dbd40-1236-428c-acd1-25b7559686be/resource/ad8dd581-6a9c-40f1-ae56-1ed2f0698701/download/peer-review-summary-overseas-spouse-or-partner-advanced-analytics-project-english.pdf,424589,2024-05-29T18:41:59.408355
b1da7e1d-c9d0-4a00-840f-77cb28ca7fdd,f95dbd40-1236-428c-acd1-25b7559686be,Peer Review Summary - Overseas Spouse and Partner Advanced Analytics Project (French),PDF,fr,report,Original,N,https://open.canada.ca/data/dataset/f95dbd40-1236-428c-acd1-25b7559686be/resource/b1da7e1d-c9d0-4a00-840f-77cb28ca7fdd/download/resume-de-lexamen-par-les-pairs-projet-danalytique-avancee-pour-les-epoux-ou-conjoints-a-letrang.pdf,454405,2024-05-29T18:42:44.809221
93efa24b-3af9-49d3-b645-aad3700c8e42,b4a417f7-5040-4328-9863-bb8bbb8568c3,Algorithmic Impact Assessment - International Experience Canada Work Permit Eligibility Model (English),PDF,en,tool,Original,Y,https://open.canada.ca/data/dataset/b4a417f7-5040-4328-9863-bb8bbb8568c3/resource/93efa24b-3af9-49d3-b645-aad3700c8e42/download/aia-iec-applications-en.pdf,101029,2023-10-16T15:01:06.948490
9d487b79-fe1b-47fe-b7b6-01666a93126c,b4a417f7-5040-4328-9863-bb8bbb8568c3,Algorithmic Impact Assessment - International Experience Canada Work Permit Eligibility Model (French),PDF,fr,tool,Original,Y,https://open.canada.ca/data/dataset/b4a417f7-5040-4328-9863-bb8bbb8568c3/resource/9d487b79-fe1b-47fe-b7b6-01666a93126c/download/aia-iec-applications-fr.pdf,115394,2023-10-16T15:01:55.234983
999f12d3-f362-47e2-80a8-e80c997c4369,b4a417f7-5040-4328-9863-bb8bbb8568c3,Algorithmic Impact Assessment - International Experience Canada Work Permit Eligibility Model (Bilingual),JSON,unknown,tool,Original,Y,https://open.canada.ca/data/dataset/b4a417f7-5040-4328-9863-bb8bbb8568c3/resource/999f12d3-f362-47e2-80a8-e80c997c4369/download/iec-aia-results.json,43003,2023-10-16T15:02:29.115448
073492ef-c9a2-4e9c-b9f7-92f1140ce62e,b4a417f7-5040-4328-9863-bb8bbb8568c3,Gender-Based Analysis Plus - Automated triage and positive eligibility determinations of International Experience Canada Work Permit Applications ,PDF,unknown,,Original,Y,https://open.canada.ca/data/dataset/b4a417f7-5040-4328-9863-bb8bbb8568c3/resource/073492ef-c9a2-4e9c-b9f7-92f1140ce62e/download/iec-wp-eligibility-model-gba-plus-analysis-public-en-accessibility-check.pdf,1002810,2023-11-24T19:03:31.385900
b11b3a60-841c-4fdb-b5fe-1689d1eed570,b4a417f7-5040-4328-9863-bb8bbb8568c3,Gender-Based Analysis Plus - Automated triage and positive eligibility determinations of International Experience Canada Work Permit Applications ,PDF,unknown,assessment,Original,Y,https://open.canada.ca/data/dataset/b4a417f7-5040-4328-9863-bb8bbb8568c3/resource/b11b3a60-841c-4fdb-b5fe-1689d1eed570/download/iec-wp-eligibility-model-gba-plus-analysis-public-fr-accessibility-check.pdf,1324177,2023-11-24T19:02:32.382466
e8f6ca6b-c2ca-42c7-97d8-394fe7663382,b4a417f7-5040-4328-9863-bb8bbb8568c3,Peer Review of the International Experience Canada Work Permit Eligibility Model - Executive Summary (English),PDF,en,assessment,Original,N,https://open.canada.ca/data/dataset/b4a417f7-5040-4328-9863-bb8bbb8568c3/resource/e8f6ca6b-c2ca-42c7-97d8-394fe7663382/download/peer-review-of-the-international-experience-canada-work-permit-eligibility-model-executive-summa.pdf,994456,2024-02-09T17:42:10.080543
60d4bb68-5756-4bb4-98ef-468103bec4bd,b4a417f7-5040-4328-9863-bb8bbb8568c3,Peer Review of the International Experience Canada Work Permit Eligibility Model - Executive Summary (French),PDF,fr,assessment,Original,N,https://open.canada.ca/data/dataset/b4a417f7-5040-4328-9863-bb8bbb8568c3/resource/60d4bb68-5756-4bb4-98ef-468103bec4bd/download/examen-par-les-pairs-du-modele-de-recevabilite-du-permis-de-travail-dexperience-internationale-c.pdf,1069867,2024-02-09T17:43:11.524238
e523687a-d1d0-46fc-8fbe-d0768e209275,d41f9ec2-bf01-4b2a-bd8d-1b3a8424f534,Algorithmic Impact Assessment - Spouse or Common-Law Partner in Canada Advanced Analytics (English),PDF,en,assessment,Original,Y,https://open.canada.ca/data/dataset/d41f9ec2-bf01-4b2a-bd8d-1b3a8424f534/resource/e523687a-d1d0-46fc-8fbe-d0768e209275/download/algorithmic-impact-assessment-spouse-or-common-law-partner-in-canada-advanced-analytics-english.pdf,83594,2022-09-07T14:37:11.435727
40ee2562-0500-422e-a81b-6d786bd41408,d41f9ec2-bf01-4b2a-bd8d-1b3a8424f534,Algorithmic Impact Assessment - Spouse or Common-Law Partner in Canada Advanced Analytics (French),PDF,fr,assessment,Original,Y,https://open.canada.ca/data/dataset/d41f9ec2-bf01-4b2a-bd8d-1b3a8424f534/resource/40ee2562-0500-422e-a81b-6d786bd41408/download/algorithmic-impact-assessment-spouse-or-common-law-partner-in-canada-advanced-analytics-french.pdf,90076,2022-09-07T14:38:17.991776
3939ee8f-c9c6-4d5e-9489-eae92a8b06d4,d41f9ec2-bf01-4b2a-bd8d-1b3a8424f534,Algorithmic Impact Assessment - Spouse or Common-Law Partner in Canada Advanced Analytics (English),JSON,en,dataset,Original,Y,https://open.canada.ca/data/dataset/d41f9ec2-bf01-4b2a-bd8d-1b3a8424f534/resource/3939ee8f-c9c6-4d5e-9489-eae92a8b06d4/download/algorithmic-impact-assessment-spouse-or-common-law-partner-in-canada-advanced-analytics-english.json,6487,2022-09-07T14:42:11.400898
ca27b27e-77fd-465d-9718-f968e77c9912,d41f9ec2-bf01-4b2a-bd8d-1b3a8424f534,Algorithmic Impact Assessment - Spouse or Common-Law Partner in Canada Advanced Analytics (French),JSON,fr,dataset,Original,Y,https://open.canada.ca/data/dataset/d41f9ec2-bf01-4b2a-bd8d-1b3a8424f534/resource/ca27b27e-77fd-465d-9718-f968e77c9912/download/algorithmic-impact-assessment-spouse-or-common-law-partner-in-canada-advanced-analytics-french.json,7163,2022-09-07T14:43:41.387254
648c460b-e69b-4cdb-8aa9-f7264bdbd4fd,ad4be3b8-ac97-4dc1-8dd8-231239d018f2,Algorithmic Impact Assessment - Automation Tools to help process privately sponsored refugee applications (English),PDF,en,tool,Original,Y,https://open.canada.ca/data/dataset/ad4be3b8-ac97-4dc1-8dd8-231239d018f2/resource/648c460b-e69b-4cdb-8aa9-f7264bdbd4fd/download/2.-f-01257746-annex-a-aia-en.pdf,63914,2022-10-27T18:51:20.829867
16bde709-7c2f-404f-8582-1650f899bdef,ad4be3b8-ac97-4dc1-8dd8-231239d018f2,Algorithmic Impact Assessment - Automation Tools to help process privately sponsored refugee applications (French),PDF,fr,tool,Original,Y,https://open.canada.ca/data/dataset/ad4be3b8-ac97-4dc1-8dd8-231239d018f2/resource/16bde709-7c2f-404f-8582-1650f899bdef/download/aia-fr-4.pdf,69819,2022-12-01T15:47:50.229727
e3611d08-f7bc-49c6-831d-b011e8ebad41,ad4be3b8-ac97-4dc1-8dd8-231239d018f2,Algorithmic Impact Assessment - Automation Tools to help process privately sponsored refugee applications (bilingual file),JSON,unknown,tool,Original,Y,https://open.canada.ca/data/dataset/ad4be3b8-ac97-4dc1-8dd8-231239d018f2/resource/e3611d08-f7bc-49c6-831d-b011e8ebad41/download/aia-results-2.json,13335,2022-10-27T19:43:57.145304
5f97fc14-c01c-4408-b0eb-075ec5208f31,04556b29-284a-4d2b-8076-928476d64553,Algorithmic Impact Assessment - Automated Triage and Positive Eligibility Determinations of In-Canada Work Permit Applications,PDF,unknown,assessment,Original,Y,https://open.canada.ca/data/dataset/04556b29-284a-4d2b-8076-928476d64553/resource/5f97fc14-c01c-4408-b0eb-075ec5208f31/download/aia-ircc1-eng.pdf,69887,2023-09-25T21:14:40.832763
bd5a6571-ddc3-43f5-b2bc-9cee060710fb,04556b29-284a-4d2b-8076-928476d64553,Algorithmic Impact Assessment - Automated Triage and Positive Eligibility Determinations of In-Canada Work Permit Applications ,PDF,unknown,assessment,Original,Y,https://open.canada.ca/data/dataset/04556b29-284a-4d2b-8076-928476d64553/resource/bd5a6571-ddc3-43f5-b2bc-9cee060710fb/download/aia-ircc-1-fr2023.pdf,76376,2023-09-25T21:15:07.505324
57848b7f-8d4e-422c-b756-a4a9a49e8ae9,04556b29-284a-4d2b-8076-928476d64553,Algorithmic Impact Assessment - Automated Triage and Positive Eligibility Determinations of In-Canada Work Permit Applications ,JSON,unknown,assessment,Original,Y,https://open.canada.ca/data/dataset/04556b29-284a-4d2b-8076-928476d64553/resource/57848b7f-8d4e-422c-b756-a4a9a49e8ae9/download/aia-results-wp-ext-and-pgwp-sept-2023-bilingual-v3.json,35366,2023-09-14T12:47:56.467707
d81de44b-1c77-48b9-9b40-d4ea452bc610,aafdfbcd-1cdb-4913-84d5-a03df727680c,Algorithmic Impact Assessment Results - Automation Development to Support Disability Benefit Decision Making,PDF,unknown,assessment,Original,Y,https://open.canada.ca/data/dataset/aafdfbcd-1cdb-4913-84d5-a03df727680c/resource/d81de44b-1c77-48b9-9b40-d4ea452bc610/download/automation-aia-en.pdf,57255,2024-01-08T13:14:18.107093
df0ad32c-f4bc-4e0c-9f6b-542730ed84c9,aafdfbcd-1cdb-4913-84d5-a03df727680c,Algorithmic Impact Assessment Results - Automation Development to Support Disability Benefit Decision Making,PDF,unknown,assessment,Original,Y,https://open.canada.ca/data/dataset/aafdfbcd-1cdb-4913-84d5-a03df727680c/resource/df0ad32c-f4bc-4e0c-9f6b-542730ed84c9/download/automation-aia-fr.pdf,61240,2024-01-08T13:14:51.009328
d4ba1acb-f668-4f77-9139-5069b7fb4c98,aafdfbcd-1cdb-4913-84d5-a03df727680c,Algorithmic Impact Assessment Results - Automation Development to Support Disability Benefit Decision Making - JSON,JSON,unknown,assessment,Original,Y,https://open.canada.ca/data/dataset/aafdfbcd-1cdb-4913-84d5-a03df727680c/resource/d4ba1acb-f668-4f77-9139-5069b7fb4c98/download/aia-automation.json,3355,2023-12-22T14:37:45.212968
dd50ce04-3150-4f26-b8ab-0ad067489593,89898244-aaae-4591-ba9b-fe5cd81d5924,Algorithmic Impact Assessment Results - Griffeye Tool,PDF,unknown,assessment,Original,Y,https://open.canada.ca/data/dataset/89898244-aaae-4591-ba9b-fe5cd81d5924/resource/dd50ce04-3150-4f26-b8ab-0ad067489593/download/griffeye-aia-en.pdf,86233,2024-03-26T17:28:56.400922
66e755f6-db6d-495d-abc0-ae798f888e53,89898244-aaae-4591-ba9b-fe5cd81d5924,Algorithmic Impact Assessment Results - Griffeye Tool,PDF,unknown,assessment,Original,Y,https://open.canada.ca/data/dataset/89898244-aaae-4591-ba9b-fe5cd81d5924/resource/66e755f6-db6d-495d-abc0-ae798f888e53/download/griffeye-aia_fre.pdf,162489,2024-03-26T17:29:36.856299
f7a43e13-44f3-4d43-b588-97aedb17c3f8,52b8574d-5c95-463b-b375-8edd092cea30,Algorithmic Impact Assessment - Using artificial intelligence (AI) to automate candidate evaluations in the staffing process's assessment phase,PDF,unknown,assessment,Original,Y,https://open.canada.ca/data/dataset/52b8574d-5c95-463b-b375-8edd092cea30/resource/f7a43e13-44f3-4d43-b588-97aedb17c3f8/download/algorithmic-impact-assessment-using-artificial-intelligence-ai-to-automate-candidate-evaluations.pdf,117761,2024-02-28T14:44:06.250387
24df6145-9429-4f21-87ba-1e77d8cb5c71,52b8574d-5c95-463b-b375-8edd092cea30,Algorithmic Impact Assessment - Using artificial intelligence (AI) to automate candidate evaluations in the staffing process's assessment phase,PDF,unknown,assessment,Original,Y,https://open.canada.ca/data/dataset/52b8574d-5c95-463b-b375-8edd092cea30/resource/24df6145-9429-4f21-87ba-1e77d8cb5c71/download/algorithmic-impact-assessment-processus-de-dotation-avec-la-plateforme-knockri-un-outil-devaluat.pdf,134414,2024-02-28T14:45:53.991342
4baa87d0-0123-4d51-8de9-271607dd060f,52b8574d-5c95-463b-b375-8edd092cea30,Algorithmic Impact Assessment - Using artificial intelligence (AI) to automate candidate evaluations in the staffing process's assessment phase,JSON,unknown,assessment,Original,Y,https://open.canada.ca/data/dataset/52b8574d-5c95-463b-b375-8edd092cea30/resource/4baa87d0-0123-4d51-8de9-271607dd060f/download/algorithmic-impact-assessment-using-artificial-intelligence-ai-to-automate-candidate-evaluation.json,76795,2024-02-28T14:14:47.019565
2694367e-babf-4d87-a852-827e4178141d,6b429c8e-ee5b-451a-883f-b6180ada9286,Algorithmic Impact Assessment - Machine Learning Workload_EN,PDF,en,risk_assessment,Original,Y,https://open.canada.ca/data/dataset/6b429c8e-ee5b-451a-883f-b6180ada9286/resource/2694367e-babf-4d87-a852-827e4178141d/download/1-aia_ei_ml_workload_en.pdf,127080,2024-04-16T13:59:39.775903
4491b7b1-6b15-4398-87a3-59a3d34aef0a,6b429c8e-ee5b-451a-883f-b6180ada9286,Algorithmic Impact Assessment - Machine Learning Workload_FR,PDF,fr,risk_assessment,Original,Y,https://open.canada.ca/data/dataset/6b429c8e-ee5b-451a-883f-b6180ada9286/resource/4491b7b1-6b15-4398-87a3-59a3d34aef0a/download/1-aia_ei_ml_workload_fr.pdf,221677,2024-04-12T15:04:55.884082
19182fb2-ae7a-4775-a7c7-7b8c010d84b9,6b429c8e-ee5b-451a-883f-b6180ada9286,Algorithmic Impact Assessment - Results,JSON,unknown,risk_assessment,Original,Y,https://open.canada.ca/data/dataset/6b429c8e-ee5b-451a-883f-b6180ada9286/resource/19182fb2-ae7a-4775-a7c7-7b8c010d84b9/download/aia-results_json.json,11196,2024-04-12T15:13:44.647863
437a8cc2-da3a-4ed7-abb1-d45dfd7af0e3,24d2cab2-6a0d-4234-9239-b6ce102ebabd,Algorithmic Impact Assessment  - Employment Insurance (E.I)  Backlog Reduction,PDF,unknown,risk_assessment,Original,Y,https://open.canada.ca/data/dataset/24d2cab2-6a0d-4234-9239-b6ce102ebabd/resource/437a8cc2-da3a-4ed7-abb1-d45dfd7af0e3/download/aia_ei_backlog_reduction.pdf,62375,2023-06-16T11:10:45.109624
7a199b11-9b8c-480c-88bd-ec9125b3bfaf,24d2cab2-6a0d-4234-9239-b6ce102ebabd,Évaluation d'Incidence Algorithmique - Réduction de l'arriéré de l'Assurance-Emploi (A.E),PDF,unknown,risk_assessment,Original,Y,https://open.canada.ca/data/dataset/24d2cab2-6a0d-4234-9239-b6ce102ebabd/resource/7a199b11-9b8c-480c-88bd-ec9125b3bfaf/download/aia_ae_reduction_inventaire.pdf,152231,2023-06-16T11:11:53.985727
8c0e7774-3532-48a7-8da9-e93076e3c26d,24d2cab2-6a0d-4234-9239-b6ce102ebabd,Json files,JSON,unknown,risk_assessment,Original,Y,https://open.canada.ca/data/dataset/24d2cab2-6a0d-4234-9239-b6ce102ebabd/resource/8c0e7774-3532-48a7-8da9-e93076e3c26d/download/aia-results_second_assesment.json,6005,2023-06-16T11:13:30.247923
540239d2-3703-4fed-9ac5-e7be84934d67,afc17416-3781-422d-a4a9-cc55e3a053c8,Algorithmic Impact Assessment (AIA) - ArriveCAN Proof of Vaccination Recognition ,PDF,unknown,risk_assessment,Original,Y,https://open.canada.ca/data/dataset/afc17416-3781-422d-a4a9-cc55e3a053c8/resource/540239d2-3703-4fed-9ac5-e7be84934d67/download/english-arrivecan-2021-10-06v11.pdf,56141,2021-10-26T14:43:00.859725
31bde632-b0d6-4a41-95ea-604e680e2ec3,afc17416-3781-422d-a4a9-cc55e3a053c8,Algorithmic Impact Assessment (AIA) - ArriveCAN Proof of Vaccination Recognition,PDF,unknown,risk_assessment,Original,Y,https://open.canada.ca/data/dataset/afc17416-3781-422d-a4a9-cc55e3a053c8/resource/31bde632-b0d6-4a41-95ea-604e680e2ec3/download/francais-arrivecan-2021-10-06v11.pdf,59372,2021-10-26T14:48:57.693971
9a3dd6b0-3ea6-47ba-963b-87437b11280f,afc17416-3781-422d-a4a9-cc55e3a053c8,Algorithmic Impact Assessment (AIA) - ArriveCAN Proof of Vaccination Recognition,JSON,unknown,risk_assessment,Original,Y,https://open.canada.ca/data/dataset/afc17416-3781-422d-a4a9-cc55e3a053c8/resource/9a3dd6b0-3ea6-47ba-963b-87437b11280f/download/arrivecan-2021-10-06v11.json,13505,2021-10-26T14:52:38.062421
7381144a-8e88-4d74-b83b-746c13de4093,5423054a-093c-4239-85be-fa0b36ae0b2e,Algorithmic Impact Assessment,HTML,unknown,tool,Original,N,https://open.canada.ca/aia-eia-js/?lang=en,,2020-01-30T16:20:52.603379
d2c32f77-b601-46af-a2a7-46bc2ec97c09,5423054a-093c-4239-85be-fa0b36ae0b2e,Algorithmic Impact Assessment (French),HTML,fr,tool,Original,N,https://open.canada.ca/aia-eia-js/?lang=fr,,2020-01-30T16:20:52.603387
b3bcac90-e633-4c90-9bec-d2bb7202c2c2,5423054a-093c-4239-85be-fa0b36ae0b2e,Algorithmic Impact Assessment (Old),XLS,unknown,tool,Original,Y,https://open.canada.ca/data/dataset/5423054a-093c-4239-85be-fa0b36ae0b2e/resource/b3bcac90-e633-4c90-9bec-d2bb7202c2c2/download/aiaen.xlsx,44892,2020-01-30T16:20:52.603390
8d68b5a3-5e61-4e94-9d48-8dc63b6e1ba6,5423054a-093c-4239-85be-fa0b36ae0b2e,Algorithmic Impact Assessment (Old),XLS,unknown,tool,Original,Y,https://open.canada.ca/data/dataset/5423054a-093c-4239-85be-fa0b36ae0b2e/resource/8d68b5a3-5e61-4e94-9d48-8dc63b6e1ba6/download/aia-en-fr.xlsx,92533,2020-01-30T16:20:52.603392
a7f7e890-1ef9-4dd8-96b2-73c7bfa54f10,9addf54a-7148-459f-b785-0e240414ef7f,Algorithmic Impact Assessment Results - Mental Health Benefit,PDF,unknown,assessment,Original,Y,https://open.canada.ca/data/dataset/9addf54a-7148-459f-b785-0e240414ef7f/resource/a7f7e890-1ef9-4dd8-96b2-73c7bfa54f10/download/mentalhealthbenefit-aia-en.pdf,47051,2022-10-26T15:15:22.260076
4542a38b-49f4-4d1e-8aef-cc476a9053eb,9addf54a-7148-459f-b785-0e240414ef7f,Algorithmic Impact Assessment Results - Mental Health Benefit,PDF,unknown,assessment,Original,Y,https://open.canada.ca/data/dataset/9addf54a-7148-459f-b785-0e240414ef7f/resource/4542a38b-49f4-4d1e-8aef-cc476a9053eb/download/mentalhealthbenefit-aia-fr.pdf,49623,2022-10-26T15:16:00.134343
5b9457eb-367a-42d6-b36c-68ab84a96ea7,9addf54a-7148-459f-b785-0e240414ef7f,Algorithmic Impact Assessment Results - Mental Health Benefit - JSON,JSON,unknown,dataset,Original,Y,https://open.canada.ca/data/dataset/9addf54a-7148-459f-b785-0e240414ef7f/resource/5b9457eb-367a-42d6-b36c-68ab84a96ea7/download/vac-mentalhealthbenefits-aia.json,6223,2022-10-26T15:18:08.019812
