question_uid,canonical_text_en,canonical_text_fr,section_uid,point_type,answer_type,first_seen_version,last_seen_version,version_count,field_names,reworded,status,parent_question_uid,is_follow_up
1,Name of Respondent,Nom de la personne sondée,1,none,text,0.3,1.0.1,10,respondent; projectDetailsRespondent,N,active,,N
2,Job Title,Titre du poste,1,none,text,0.3,1.0.1,10,title; projectDetailsJob,N,active,,N
3,Department,Ministère,1,none,dropdown,0.3,1.0.1,10,department; department-NS; projectDetailsDepartment-NS,N,active,,N
4,Branch,Direction,1,none,text,0.3,1.0.1,10,branch; projectDetailsBranch,N,active,,N
5,Project Title,Titre du projet,1,none,text,0.3,1.0.1,10,project-title; projectDetailsTitle,N,active,,N
6,Please provide a project description:,Veuillez fournir une description du projet :,1,none,comment,0.3,1.0.1,10,description; projectDetailsDescription,N,active,,N
7,What is motivating your team to introduce automation into this decision-making process? (Check all that apply),Qu'est-ce qui motive votre équipe à introduire l'automatisation dans ce processus décisionnel? (Cochez toutes les réponses qui s'appliquent.),2,none,checkbox,0.3,1.0.1,10,question7; motivation; business1; businessDrivers1,N,active,,N
8,Please describe,S'il vous plait décrire,2,none,comment,0.3,1.0.1,18,question52; question10-other; motivation-other; sector-categories-other; decisionSector2,Y,active,7,Y
9,Please check which of the following capabilities apply to your system.,Veuillez indiquer laquelle des capacités suivantes s'applique à votre système.,3,none,checkbox,0.3,1.0.1,10,question9; capabilities; system1; aboutSystem1,N,active,,N
10,Please describe,S'il vous plait décrire,3,none,comment,0.3,1.0.1,10,question9-other; capabilities-other; aboutSystem2,Y,active,9,Y
11,Does the decision pertain to any of the categories below (check all that apply):,La décision s'applique-t-elle à l'une ou l'autre des catégories ci-dessous (*Cochez toutes les réponses qui s'appliquent) :,4,raw,checkbox,0.3,1.0.1,10,question10; sector-categories; decisionSector1,N,active,,N
12,Does the recommendation or decision made by the system include elements of discretion?,La recommandation ou la décision prise par le système comprend-elle des éléments d’appréciation?,5,raw,radiogroup,0.3,0.3,1,question11,N,retired,,N
13,Describe what is discretionary about the decision,Décrire en quoi la décision est discrétionnaire,5,raw,comment,0.3,0.3,1,question12,N,retired,12,Y
14,Is the system used by a different part of the organization than the ones who developed it?,Le système est-il utilisé par une partie de l’organisation différente de celle à laquelle appartiennent ceux qui l’ont développé?,5,raw,radiogroup,0.3,1.0.1,10,question8; impact5,N,active,,N
15,Are the impacts resulting from the decision reversible?,Les incidences découlant de la décision sont-elles réversibles?,5,raw,dropdown,0.3,1.0.1,10,question20; impact6,N,active,,N
16,How long will impacts from the decision last?,Combien de temps les incidences de la décision dureront-elles?,5,raw,dropdown,0.3,1.0.1,10,question21; impact7,N,active,,N
17,Please describe why the impacts resulting from the decision are as per selected option above.,"Veuillez indiquer pour quelle raison les incidences découlant de la décision sont (selon l’option sélectionnée
ci-dessus). ",5,raw,comment,0.3,1.0.1,53,question13; question15; question17; question19; question23; impact8; impact10; impact12; impact14; impact16; impact25,N,active,,N
18,"The impacts that the decision will have on the rights or freedoms of individuals or communities, will likely be:",Les incidences de la décision sur les droits ou libertés des personnes ou des collectivités seront probablement les suivantes :,5,raw,dropdown,0.3,1.0.1,16,question22; question14; question16; impact9,Y,active,,N
19,"The impacts that the decision will have on the ongoing sustainability of an environmental ecosystem, will likely be:",Les incidences de la décision sur la pérennité d’un écosystème environnemental seront probablement les suivantes :,5,raw,dropdown,0.3,1.0.1,10,question18; impact15,N,active,,N
20,Will the Automated Decision System use personal information as input data?,"Le système de décision automatisé
utilisera-t-il des renseignements personnels comme données d’entrée?",6,raw,radiogroup,0.3,1.0.1,10,question24; aboutDataSource1,N,active,,N
21,What is the highest security classification of the input data used by the system? (Select one),"Quelle est la classification de sécurité la
plus élevée des données d’entrée utilisées par le système? (N’en choisir qu’une
seule)",6,raw,dropdown,0.3,1.0.1,10,question25; aboutDataSource2,N,active,,N
22,Who controls the data?,Qui contrôle les données?,6,raw,dropdown,0.3,1.0.1,10,question26; aboutDataSource3,N,active,,N
23,Will the system data use from multiple different sources?,"Les données utilisées par le système
proviendront-elles de plusieurs sources différentes?",6,raw,radiogroup,0.3,1.0.1,10,question27; aboutDataSource4,N,active,,N
24,Will the system require input data from an Internet- or telephony-connected device? (e.g. a sensor),"Le système aura-t-il besoin de données d’entrée
provenant d’un appareil connecté à Internet ou à la téléphonie? (P. ex., un
Capteur)",6,raw,radiogroup,0.3,1.0.1,10,question28; aboutDataSource5,Y,active,,N
25,Will the system interface with other IT systems?,"Le système interagira-t-il avec d’autres
systèmes des TI?",6,raw,radiogroup,0.3,1.0.1,10,question29; aboutDataSource6,N,active,,N
26,Who collected the data used for training the system?,"Qui a recueilli les données utilisées pour
préparer le système? ",6,raw,dropdown,0.3,1.0.1,20,question30; question31; aboutDataSource7; aboutDataSource8,Y,active,,N
27,Will the system require the analysis of unstructured data to render a recommendation or a decision?,"Le système exigera-t-il l’analyse de données
non structurées pour faire une recommandation ou prendre une décision?",6,raw,radiogroup,0.3,1.0.1,10,question32; aboutDataType1; aboutDataSourceType1,Y,active,,N
28,What types of unstructured data? (Check all that apply),"De quel type de données non structurées
s’agit-il (Cochez toutes les réponses qui s’appliquent)?",6,raw,checkbox,0.3,1.0.1,10,question33; aboutDataType2; aboutDataSourceType2,Y,active,27,Y
29,"Have you documented processes in place to test datasets against biases and other unexpected outcomes? This could include experience in applying frameworks, methods, guidelines or other assessment tools.","Avez-vous documenté les processus en place pour tester les jeux de données en fonction de biais et d’autres résultats inattendus? Par exemple, ceci pourrait inclure une expérience dans l’application de cadres, de méthodes, de lignes directrices ou d’outils d’évaluation.",7,mitigation,radiogroup,0.3,0.4,2,question34,N,retired,,N
30,Is there a process currently in place to document how data quality issues were resolved during the design process?,Existe-t-il actuellement un processus permettant de documenter la façon dont les problèmes de qualité des données ont été résolus pendant le processus de conception?,7,mitigation,radiogroup,0.3,1.0.1,18,question35; question2; dataQualityDesign3; dataQualityImplementation3,Y,active,,N
31,Have you undertaken a Gender Based Analysis Plus of the data?,Avez-vous procédé à une analyse comparative entre les sexes plus des données?,7,mitigation,radiogroup,0.3,1.0.1,18,question36; question3; dataQualityDesign5; dataQualityImplementation5,Y,active,,N
32,"Have you assigned accountability in your institution for the design, development, maintenance, and improvement of the system?","Dans votre établissement, existe-t-il des responsables de la conception, du développement, de la maintenance et de l’amélioration du système?",7,mitigation,radiogroup,0.3,1.0.1,20,question37; question4; dataQualityDesign7; dataQualityImplementation7; aboutSystem6,Y,active,31,Y
33,Have you documented processes to manage the risk that outdated or unreliable data is used to make an automated decision?,Avez-vous documenté des processus permettant de gérer le risque que des données obsolètes ou non fiables soient utilisées pour une prise de décision automatisée?,7,mitigation,radiogroup,0.3,1.0.1,18,question38; question5; dataQualityDesign8; dataQualityImplementation8,Y,active,,N
34,Will the data be posted on the Open Government Portal?,Les données seront-elles affichées sur le portail Gouvernement ouvert?,7,mitigation,radiogroup,0.3,1.0.1,18,question39; question6; dataQualityDesign10; dataQualityImplementation10,Y,active,,N
35,Does the system provide an audit trail that records recommendations or decisions?,Le système fournit-il une piste de vérification qui enregistre les recommandations ou les décisions?,8,mitigation,radiogroup,0.3,0.5,3,question40,N,retired,,N
36,Do you maintain a log detailing all of the changes made to the model and the system?,Tenez-vous un registre détaillant toutes les modifications apportées au modèle et au système?,8,mitigation,radiogroup,0.3,1.0.1,18,question41; question9; fairnessDesign2; fairnessImplementation2,Y,active,,N
37,Does the audit trail clearly set out all decision points made by the system?,La piste de vérification énonce-t-elle clairement tous les points de décision pris par le système?,8,mitigation,radiogroup,0.3,1.0.1,17,question42; fairnessDesign3; fairnessImplementation3,Y,active,,N
38,Does the audit trail show who an authorized decision-maker is?,La piste de vérification indique-t-elle qui est un décideur autorisé?,8,mitigation,radiogroup,0.3,1.0.1,18,question43; question11; fairnessDesign4; fairnessImplementation4,Y,active,,N
39,Does the system produce reasons for its decisions or recommendations when required?,"Le système justifie-t-il ses décisions ou ses recommandations, au besoin?",8,mitigation,radiogroup,0.3,1.0.1,18,question44; question12; fairnessDesign5; fairnessImplementation5,Y,active,,N
40,"Is there a process in place to grant, monitor, and revoke access permission to the system?","Existe-t-il un processus en place permettant d’accorder, de surveiller et de révoquer l’autorisation d’accès au système?",8,mitigation,radiogroup,0.3,1.0.1,16,question45; question52; fairnessDesign6; fairnessImplementation6; aboutSystem10A,Y,active,,N
41,Is there a mechanism to capture feedback by users of the system?,Existe-t-il un mécanisme permettant de recueillir les commentaires des utilisateurs du système?,8,mitigation,radiogroup,0.3,1.0.1,18,question46; question53; fairnessDesign7; fairnessImplementation7,Y,active,,N
42,Is there a recourse process planned or established for clients that wish to challenge the decision?,Un processus de recours est-il prévu ou établi pour les clients qui souhaitent contester la décision?,8,mitigation,radiogroup,0.3,1.0.1,30,question47; question54; fairnessDesign8; fairnessImplementation8; fairnessDesign13; fairnessImplementation13,Y,active,,N
43,Does the system enable human override of system decisions?,Le système permet-il aux humains de passer outre les décisions du système?,8,mitigation,radiogroup,0.3,1.0.1,26,question48; question55; fairnessDesign9; fairnessImplementation9; fairnessDesign14; fairnessImplementation14,Y,active,,N
44,Is there a process in place to log the instances when overrides were performed?,Y a-t-il un processus en place pour consigner les cas où des dérogations ont été effectuées?,8,mitigation,radiogroup,0.3,1.0.1,26,question49; question56; fairnessDesign10; fairnessImplementation10; fairnessDesign15; fairnessImplementation15,Y,active,,N
45,Does the audit trail include change control processes to record modifications to the system's operation or performance?,La piste de vérification comprend-elle des processus de contrôle des changements pour consigner les modifications apportées au fonctionnement ou au rendement du système?,8,mitigation,radiogroup,0.3,1.0.1,26,question50; question57; fairnessDesign11; fairnessImplementation11; fairnessDesign16; fairnessImplementation16,Y,active,,N
46,Have you prepared a concept case to the Government of Canada Enterprise Architecture Review Baord?,Avez-vous préparé un dossier conceptuel pour le Conseil d’examen de l’architecture intégrée du gouvernement du Canada?,8,mitigation,radiogroup,0.3,1.0.1,30,question51; question58; fairnessDesign12; fairnessImplementation12; fairnessDesign17; fairnessImplementation17,Y,active,,N
47,Will the system be automating or replacing human decisions that require judgement or discretion?,Le système automatisera-t-il ou remplacera-t-il les décisions humaines qui exigent du jugement ou de la discrétion?,5,raw,radiogroup,0.4,1.0.1,9,discretion; impact3,Y,active,,N
48,Please describe the decision(s) that will be automated,Veuillez décrire la ou les décisions qui seront automatisées,5,raw,comment,0.4,0.9.1,6,discretion-comment; impact4,Y,retired,47,Y
49,Project ID from IT Plan,,1,none,text,0.5,1.0.1,8,project-id; projectDetailsID,N,active,,N
50,Departmental Program (from Department Results Framework),,1,none,text,0.5,1.0.1,8,departmental-program; projectDetailsProgram,N,active,,N
51,Project Phase,,1,none,radiogroup,0.5,1.0.1,8,project-phase; projectDetailsPhase,N,active,,N
52,Is the project within an area of intense public scrutiny (e.g. because of privacy concerns) and/or frequent litigation?,,9,raw,radiogroup,0.5,1.0.1,8,risk-profile1; riskProfile1,N,active,,N
53,Are clients in this line of business particularly vulnerable?,,9,raw,radiogroup,0.5,1.0.1,8,risk-profile2; riskProfile2,N,active,,N
54,Are stakes of the decisions very high?,,9,raw,radiogroup,0.5,1.0.1,8,risk-profile3; riskProfile3,N,active,,N
55,"Will this project have major impacts on staff, either in terms of their numbers or their roles?",,9,raw,radiogroup,0.5,1.0.1,10,risk-profile4; riskProfile4; impact4A,N,active,,N
56,Will you require new policy authority for this project?,Aurez-vous besoin d'une nouvelle autorisation en termes de politiques pour ce projet ?,10,raw,radiogroup,0.5,1.0.1,8,project-authority1; projectAuthority1,N,active,,N
57,The algorithm used will be a (trade) secret,L'algorithme utilisé sera un secret (commercial),12,raw,radiogroup,0.5,1.0.1,8,about-algorithm1; aboutAlgorithm1,N,active,,N
58,The algorithmic process will be difficult to interpret or to explain,Le processus algorithmique sera difficile à interpréter ou à expliquer,12,raw,radiogroup,0.5,1.0.1,8,about-algorithm2; aboutAlgorithm2,N,active,,N
59,Will the system only be used to assist a decision-maker?,Le système automatisera-t-il ou remplacera-t-il les décisions humaines qui exigent du jugement ou de la discrétion?,5,raw,radiogroup,0.5,0.9.1,5,question66; impact1,N,retired,,N
60,Will the system be replacing a decision that would otherwise be made by a human?,Le système automatisera-t-il ou remplacera-t-il les décisions humaines qui exigent du jugement ou de la discrétion?,5,raw,radiogroup,0.5,0.9.1,5,question67; impact2,N,retired,,N
61,"Internal Stakeholders (Strategic policy and planning, Data Governance, Program Policy, etc.)","Intervenants internes (politique et planification stratégiques, gouvernance des données, politique du programme, etc.)",13,mitigation,radiogroup,0.5,1.0.1,16,consultation-design1; consultation-implementation1; consultationDesign1; consultationImplementation1,N,active,,N
62,Which Internal Stakeholders will you be engaging?,Quels intervenants internes allez-vous consulter?,13,mitigation,checkbox,0.5,1.0.1,16,consultation-design2-NS; consultation-implementation2-NS; consultationDesign2-NS; consultationImplementation2-NS; consultationDesign2; consultationImplementation2,Y,active,61,Y
63,"External Stakeholders (Civil Society, Academia, Industry, etc.)","Intervenants externes (société civile, universités, industrie, etc.)",13,mitigation,radiogroup,0.5,1.0.1,16,consultation-design3; consultation-implementation3; consultationDesign3; consultationImplementation3,N,active,,N
64,Which External Stakeholders will you be engaging?,Quels intervenants externes allez-vous consulter?,13,mitigation,checkbox,0.5,1.0.1,16,consultation-design4-NS; consultation-implementation4-NS; consultationDesign4-NS; consultationImplementation4-NS; consultationDesign4; consultationImplementation4,Y,active,63,Y
65,"Will you have documented processes in place to test datasets against biases and other unexpected outcomes? This could include experience in applying frameworks, methods, guidelines or other assessment tools.","Disposerez-vous de processus documentés pour tester les jeux de données en fonction de biais et d’autres résultats inattendus? Par exemple, ceci pourrait inclure une expérience dans l’application de cadres, de méthodes, de lignes directrices ou d’outils d’évaluation.",15,mitigation,radiogroup,0.5,1.0.1,8,rm-data-qual1; dataQualityDesign1,N,active,,N
66,Will you be making this information publically available?,Allez-vous rendre cette information disponible publiquement?,15,mitigation,radiogroup,0.5,1.0.1,57,mitigation-makePublic; question59; question60; question61; question62; question63; question64; question65; dataQualityDesign4; dataQualityDesign6; dataQualityDesign9; dataQualityImplementation2; dataQualityImplementation4; dataQualityImplementation6; dataQualityImplementation9,Y,active,30,Y
67,"Do you have documented processes in place to test datasets against biases and other unexpected outcomes? This could include experience in applying frameworks, methods, guidelines or other assessment tools.","Disposez-vous de processus documentés pour tester les jeux de données en fonction de biais et d’autres résultats inattendus? Par exemple, ceci pourrait inclure une expérience dans l’application de cadres, de méthodes, de lignes directrices ou d’outils d’évaluation.",16,none,radiogroup,0.5,1.0.1,8,question1; dataQualityImplementation1,N,active,,N
68,Does the system's audit trail indicate all the recommendations or decisions made by the system?,Est-ce que le système fourni une piste de vérification qui enregistre les recommandations ou les décisions?,18,mitigation,radiogroup,0.5,1.0.1,16,question7; question10; fairnessDesign1; fairnessImplementation1,Y,active,,N
69,The impacts that the decision will have on the health and well-being of individuals will likely be:,Les incidences de la décision sur la santé et le bien-être des personnes seront probablement les suivantes :,5,raw,dropdown,0.6,1.0.1,17,impact11; impact13; impact24,Y,active,,N
70,Will you be making this information publicly available?,Allez-vous rendre cette information disponible publiquement?,22,mitigation,radiogroup,0.6,1.0.1,7,dataQualityDesign2,N,active,65,Y
71,"Will you need to undertake a Privacy Impact Assessment, or revise an existing one?",Devrez-vous entreprendre une évaluation des facteurs relatifs à la vie privée ou réviser une évaluation existante??,26,mitigation,radiogroup,0.6,1.0.1,14,privacyDesign1; privacyImplementation1,Y,active,,N
72,Will your system reflect Privacy by Design principles?,Votre système tiendra-t-il compte des principes de la 'Protection de la vie privée dès la conception'?,26,mitigation,radiogroup,0.6,1.0.1,14,privacyDesign2; privacyImplementation2,Y,active,,N
73,Have you verified that the use of personal information is limited to only what is directly related to delivering a program or service?,Avez-vous vérifié que l'utilisation des renseignements personnels est limitée à ce qui est directement lié à la prestation d'un programme ou d'un service?,19,raw,radiogroup,0.9,1.0.1,5,aboutDataSource9,N,active,20,Y
74,Is the personal information of individuals being used in a decision-making process that directly affects those individuals?,Les renseignements personnels des individus sont-ils utilisés dans un processus décisionnel qui affecte directement ces individus?,19,raw,radiogroup,0.9,1.0.1,5,aboutDataSource10,N,active,20,Y
75,Have you verified if the system is using personal information in a way that is consistent with: (a) the current Personal Information Banks (PIBs) and Privacy Impact Assessments (PIAs) of your programs or (b) planned or implemented modifications to the PIBs or PIAs that take new uses and processes into account?,Avez-vous vérifié si le système utilise les renseignements personnels d'une manière compatible avec: (a) les fichiers de renseignements personnels (FRP) et évaluations des facteurs relatifs à la vie privée (EFVP) de vos programmes ou (b) les modifications prévues ou mises en oeuvre des FRP ou des EFVP qui tiennent compte des nouveaux usages et processus?,19,raw,radiogroup,0.9,1.0.1,5,aboutDataSource11,N,active,20,Y
76,Please describe,S'il vous plait décrire,20,mitigation,comment,0.9,1.0.1,20,consultationDesign2-other; consultationDesign4-other; consultationImplementation2-other; consultationImplementation4-other,Y,active,62,Y
77,"Will information be used within a closed system (i.e. no connections to the Internet, Intranet or any other system)?","Les informations seront-elles utilisées dans un système fermé (c'est-à-dire sans connexion à Internet, Intranet ou tout autre système)?",26,mitigation,radiogroup,0.9,1.0.1,10,privacyDesign3; privacyImplementation3,Y,active,,N
78,"If the sharing of personal information is involved, has an agreement or arrangement with appropriate safeguards been established?","Si le partage de renseignements personnels est impliqué, un accord ou un arrangement avec des garanties appropriées a-t-il été établi?",26,mitigation,radiogroup,0.9,1.0.1,10,privacyDesign4; privacyImplementation4,N,active,,N
79,"What client needs will the system address and how will this system meet them? If possible, describe how client needs have been identified.","Quels sont les besoins des clients auxquels le système répondra et comment le système y répondra-t-il? Si possible, décrivez la façon dont les besoins des clients ont été déterminés.",2,raw,comment,0.10.0,1.0.1,3,businessDrivers3,N,active,,N
80,Please describe any public benefits the system is expected to have.,Veuillez décrire tous les bienfaits d’intérêt public que le système devrait avoir.,2,raw,comment,0.10.0,1.0.1,3,businessDrivers4,N,active,,N
81,How effective will the system likely be in meeting client needs?,Dans quelle mesure le système sera-t-il efficace pour répondre aux besoins des clients?,2,raw,dropdown,0.10.0,1.0.1,3,businessDrivers5,N,active,,N
82,"Please describe any improvements, benefits, or advantages you expect from using an automated system. This could include relevant program indicators and performance targets.","Veuillez décrire les améliorations, les bienfaits ou les avantages que vous attendez de l’utilisation d’un système automatisé. Cela pourrait inclure des indicateurs de programme et des objectifs de rendement pertinents.",2,raw,comment,0.10.0,0.10.0,1,businessDrivers6,N,retired,,N
83,Please describe how you will ensure that the system is confined to addressing the client needs identified above.,Veuillez décrire la façon dont vous allez vous assurer que le système se limite à répondre aux besoins des clients mentionnés ci-dessus.,2,raw,comment,0.10.0,1.0.1,3,businessDrivers7,N,active,,N
84,Please describe any trade-offs between client interests and program objectives that you have considered during the design of the project.,Veuillez décrire toutes les concessions mutuelles entre les intérêts des clients et les objectifs du programme que vous avez pris en considération lors de l’élaboration du projet.,2,raw,comment,0.10.0,1.0.1,3,businessDrivers8,N,active,,N
85,Have alternative non-automated processes been considered?,D’autres options de processus non automatisés ont-elles été envisagées?,2,raw,radiogroup,0.10.0,1.0.1,3,businessDrivers9,N,active,,N
86,"If non-automated processes were considered, why was automation identified as the preferred option?","Si des processus non automatisés ont été envisagés, pourquoi l’automatisation a-t-elle été l’option choisie?",2,raw,comment,0.10.0,1.0.1,3,businessDrivers10,N,active,85,Y
87,What would be the consequence of not deploying the system?,Quelle serait la conséquence du non-déploiement du système?,2,raw,checkbox,0.10.0,1.0.1,3,businessDrivers11,N,active,,N
88,Please describe,S'il vous plait décrire,2,raw,comment,0.10.0,1.0.1,3,businessDrivers12,N,active,87,Y
89,Will the use of the system create or exacerbate barriers for persons with disabilities?,L’utilisation du système entraînera-t-elle des difficultés pour les personnes en situation de handicap ou les accentuera-t-elle?,9,raw,radiogroup,0.10.0,0.10.0,1,riskProfile5,N,retired,,N
90,"If yes, please describe the barriers and any planned or existing measures to identify, remove, and/or prevent them.","Si oui, veuillez décrire les difficultés et toute mesure prévue ou existante pour les identifier, les éliminer ou les éviter.",9,raw,comment,0.10.0,0.10.0,1,riskProfile6,N,retired,89,Y
91,Please describe the decision(s) that will be automated.,Veuillez décrire la ou les décisions qui seront automatisées.,4,raw,comment,0.10.0,1.0.1,3,decisionSector3,N,active,,N
92,Which of the following best describes the type of automation you are planning? ,"Parmi les propositions suivantes, laquelle décrit le mieux le type d’automatisation que vous envisagez? ",5,raw,radiogroup,0.10.0,1.0.1,3,impact30,N,active,,N
93,Please describe the role of the system in the decision-making process.,Veuillez décrire le rôle du système dans le processus de prise de décisions.,5,raw,comment,0.10.0,1.0.1,3,impact31,N,active,,N
94,Please describe the criteria used to evaluate client data and the operations applied to process it.,Veuillez décrire les critères utilisés pour évaluer les données des clients et les procédures appliquées pour les traiter.,5,raw,comment,0.10.0,1.0.1,3,impact20,N,active,,N
95,Please describe the output produced by the system and any relevant information needed to interpret it in the context of the administrative decision.,Veuillez décrire le résultat produit par le système et les renseignements pertinents nécessaires à l’interprétation dans le contexte de la décision administrative.,5,raw,comment,0.10.0,1.0.1,3,impact21,N,active,,N
96,Will the system perform an assessment or other operation that would not otherwise be completed by a human?,Le système effectuera-t-il une évaluation ou une autre activité qui ne serait autrement pas réalisée par un humain?,5,raw,radiogroup,0.10.0,1.0.1,3,impact22,N,active,,N
97,"If yes, please describe the relevant function(s) of the system.","Si oui, veuillez décrire la ou les fonctions pertinentes du système.",5,raw,comment,0.10.0,1.0.1,5,impact23; impact22A,Y,active,96,Y
98,Please list relevant PIB Bank Numbers.,Veuillez énumérer les numéros de fichiers FRP pertinents.,19,raw,text,0.10.0,1.0.1,3,aboutDataSource12,N,active,75,Y
99,"Please describe the input data collected and used by the system, its source, and method of collection.","Veuillez décrire les données d’entrée collectées et utilisées par le système, leur source et leur méthode de collecte.",19,raw,comment,0.10.0,1.0.1,3,aboutDataSource13,N,active,,N
100,Please indicate the following in your answer: Title and scope of the Privacy Impact Assessment; How the automation project fits into the program; and Date of Privacy Impact Assessment completion or modification.,Veuillez indiquer les éléments suivants dans votre réponse : titre et portée de l’évaluation des facteurs relatifs à la vie privée; la manière dont le projet d’automatisation s’intègre au programme; date d’achèvement ou de modification de l’évaluation des facteurs relatifs à la vie privée.,26,mitigation,comment,0.10.0,1.0.1,6,privacyDesign5; privacyImplementation5,Y,active,71,Y
101,Have you undertaken other types of privacy assessments for your automation project?  Please describe any relevant efforts.,Avez-vous entrepris d’autres types d’évaluations de la protection de la vie privée pour votre projet d’automatisation? Veuillez décrire toute mesure pertinente.,26,mitigation,comment,0.10.0,1.0.1,6,privacyDesign6; privacyImplementation6,Y,active,71,Y
102,Will you de-identify any personal information used or created by the system at any point in the lifecycle? ,Allez-vous dépersonnaliser les renseignements personnels utilisés ou établis par le système à tout moment du cycle de vie? ,26,mitigation,radiogroup,0.10.0,1.0.1,6,privacyDesign7; privacyImplementation7,N,active,,N
103,Please describe your de-identification method(s).,Veuillez décrire la méthode ou les méthodes de dépersonnalisation que vous allez utiliser. ,26,mitigation,comment,0.10.0,1.0.1,6,privacyDesign8; privacyImplementation8,N,active,102,Y
104,Published AIA version number,Numéro de la version publiée de l'évaluation de l'incidence algorithmique (EIA),1,none,text,1.0.0,1.0.1,2,projectAIAnumber,N,active,,N
105,Name of ADM responsible for the program using the automated decision system ,Nom du sous-ministre adjoint ou de la sous-ministre adjointe responsable du programme pour lequel le système décisionnel automatisé est utilisé,1,none,text,1.0.0,1.0.1,2,ADMresponsible,N,active,,N
106,Teams consulted on completion of the Algorithmic Impact Assessment,Équipes consultées lors de l'EIA,1,none,text,1.0.0,1.0.1,2,consultedTeams,N,active,,N
107,Service ID,ID du service,1,none,text,1.0.0,1.0.1,2,ServiceID,N,active,,N
108,Describe why effectiveness is as selected.,Préciser les raisons pour lesquelles l'efficacité est telle que sélectionnée.,2,raw,comment,1.0.0,1.0.1,2,businessDrivers5B,N,active,,N
109,"Describe any improvements, benefits, or advantages your department expects from using an automated system.","Veuillez décrire les améliorations, les bienfaits ou les avantages que votre ministère entend obtenir de l'utilisation d'un système automatisé.",2,raw,comment,1.0.0,1.0.1,2,businessDrivers6A,N,active,,N
110,"What are your current program indicators, service standards or performance targets?","Quels sont les indicateurs, les normes de service ou les objectifs de rendement de votre programme?",2,raw,comment,1.0.0,1.0.1,2,businessDrivers6B,N,active,,N
111,"What is your current performance level against these indicators, standards or targets?","Quel est votre niveau de rendement par rapport à ces indicateurs, à ces normes ou à ces objectifs?",2,raw,comment,1.0.0,1.0.1,2,businessDrivers6C,N,active,,N
112,"How do you expect the system will change performance against your program indicators, service standards or performance targets?","À votre avis, en quoi le système améliorera-t-il votre rendement par rapport aux indicateurs, aux normes de service ou aux objectifs de rendement établis pour votre programme?",2,raw,comment,1.0.0,1.0.1,2,businessDrivers6D,N,active,,N
113,Indicate which equity denied groups are served and describe your mitigation strategies to prevent adverse impacts for these groups.,Veuillez indiquer les groupes privés d'équité desservis et décrire les stratégies d'atténuation qui seront prises pour éviter de leur causer préjudice.,9,raw,comment,1.0.0,1.0.1,2,riskProfile2A,N,active,53,Y
114,Indicate the population group and explain why the automated decision system should not be applied.,Veuillez indiquer les groupes de population qui devraient être exclus et expliquer pourquoi le système décisionnel automatisé ne doit pas être utilisé.,9,raw,comment,1.0.0,1.0.1,2,riskProfile3A,N,active,54,Y
115,"If barriers for persons with disabilities were identified, describe the barriers and any planned or existing measures to identify, remove, and/or prevent them.","Si des difficultés pour les personnes en situation de handicap ont été cernées, décrivez ces difficultés et les mesures prévues ou existantes pour les cerner, les éliminer ou les prévenir.",9,raw,comment,1.0.0,1.0.1,2,riskProfile4B,N,active,55,Y
116,"Could the automated decision-system be at heightened risk of being an exploitation target for malicious actors (for example, fraud for financial gain)?","Le recours au système décisionnel automatisé pourrait-il accroître le risque d'exploitation malveillants (par exemple, des fraudes financières)?",9,raw,radiogroup,1.0.0,1.0.1,2,riskProfile7,N,active,,N
117,"Have potential issues or harms with the existing service delivery approach been raised by clients or their representatives, the media, audits or parliamentary committees?","Des problèmes ou des préjudices potentiels liés à l'approche utilisée pour la prestation de services ont-ils été soulevés par des personnes utilisant le service ou celles les représentant, les médias ou des membres de comités d'audit ou parlementaires?",9,raw,radiogroup,1.0.0,1.0.1,2,riskProfile8,N,active,,N
118,"Indicate the issue or harm, the group that raised them, and how these have been addressed.","Veuillez préciser le problème ou le préjudice en question, le groupe qui en a fait état et la manière dont il a été traité.",9,raw,comment,1.0.0,1.0.1,2,riskProfile8A,N,active,117,Y
119,Will you be submitting a concept case to TBS and presenting the project to the Government of Canada Enterprise Architecture Review Board?,Avez-vous l'intention de soumettre un cas conceptuel au Secrétariat du Conseil du Trésor du Canada (SCT) et présenté le projet au conseil d'examen de l'architecture intégrée du gouvernement du Canada?,9,raw,radiogroup,1.0.0,1.0.1,4,riskProfile9; riskProfile10,Y,active,51,Y
120,Indicate why you have chosen the response.,Précisez votre réponse.,10,raw,comment,1.0.0,1.0.1,2,projectAuthority2,N,active,,N
121,Who developed the system?,Qui a conçu le système?,11,raw,radiogroup,1.0.0,1.0.1,2,aboutSystem3,N,active,,N
122,Specify,Veuillez préciser.,11,raw,comment,1.0.0,1.0.1,12,aboutSystem3A; aboutSystem3B; aboutSystem3C; aboutSystem4A; aboutSystem4B; aboutSystem4C,Y,active,121,Y
123,Who configured the system?,Qui a configuré le système?,11,raw,radiogroup,1.0.0,1.0.1,2,aboutSystem4,N,active,,N
124,Is the system:,Le système est-il:,11,raw,radiogroup,1.0.0,1.0.1,2,aboutSystem5,N,active,,N
125, Indicate the open source licence that applies.,"Si à code source ouvert, veuillez indiquer la licence à code source ouvert utilisée.",11,raw,text,1.0.0,1.0.1,2,aboutSystem5A,N,active,124,Y
126,Has the product been customized to add functionality beyond what is available off the shelf?,"S'il s'agit d'une solution à code source ouvert ou d'une solution COTS, a-t-elle été modifiée de sorte qu'elle comprenne d'autres fonctionnalités que celles offertes sur le marché?",11,raw,radiogroup,1.0.0,1.0.1,2,aboutSystem5B,N,active,124,Y
127,Specify what has been customized and who performed the customization.,"Si oui, précisez les éléments qui ont été modifiés et l'organisation qui a procédé aux modifications.",11,raw,comment,1.0.0,1.0.1,2,aboutSystem5C,N,active,124,Y
128,Is there a group in your institution responsible for identifying and implementing opportunities for improvement?,Un groupe de votre organisation est-il chargé de recenser les améliorations possibles et de les apporter?,11,raw,radiogroup,1.0.0,1.0.1,2,aboutSystem7,N,active,,N
129,"Does your system conform with the appropriate clauses of standard CAN/ASC EN 301 549:2024, Accessibility requirements for Information and Communication Technology (ICT) products and services? ","Votre système est-il conforme aux dispositions appropriées de la norme CAN/ASC EN 301 549:2024, Exigences d'accessibilité pour les produits et services des technologies de l'information et de la communication (TIC)?",11,raw,radiogroup,1.0.0,1.0.1,2,aboutSystem8,N,active,,N
130,"If no, describe why the system does not conform.","Si non, expliquez en quoi votre système n'est pas conforme.",11,raw,comment,1.0.0,1.0.1,2,aboutSystem8A,N,active,129,Y
131,Is a non-automated alternative planned and available in the event the automated decision system was unavailable for an extended period of time?,Une solution non automatisée est-elle également prévue et fonctionnelle au cas où le système décisionnel automatisé serait indisponible pendant une période prolongée?,11,raw,radiogroup,1.0.0,1.0.1,2,aboutSystem9,N,active,,N
132,"The impacts that the development, operation, and maintenance of the system could have on the ongoing sustainability of an environmental ecosystem, may be:","L'incidence de la mise au point, de l'exploitation et de l'entretien du système sur la durabilité d'un écosystème environnemental sera :",11,raw,dropdown,1.0.0,1.0.1,2,aboutSystem11,N,active,,N
133,"Describe why the impacts resulting from the system's development, operations and maintenance are as selected.",Veuillez expliquer votre réponse.,11,raw,comment,1.0.0,1.0.1,2,aboutSystem12,N,active,,N
134,Is the algorithm (Check all that apply):,L'algorithme est (cochez toutes les réponses qui s'appliquent) :,12,raw,checkbox,1.0.0,1.0.1,2,aboutAlgorithm3,N,active,,N
135,"If the automated decision-system is model based, is the model inference (select all that apply):","Si le système décisionnel automatisé est fondé sur un modèle, l'inférence du modèle est-elle (cochez toutes les réponses qui s'appliquent) :",12,raw,checkbox,1.0.0,1.0.1,2,aboutAlgorithm4,N,active,,N
136,Is the model: ,Le modèle est : ,12,raw,radiogroup,1.0.0,1.0.1,2,aboutAlgorithm5,N,active,,N
137,Describe the model being used.,Veuillez décrire le modèle utilisé.,12,raw,comment,1.0.0,1.0.1,2,aboutAlgorithm6,N,active,,N
138,Explain why you chose the model,Expliquez pourquoi vous avez choisi ce modèle.,12,raw,comment,1.0.0,1.0.1,2,aboutAlgorithm7,N,active,,N
139,Will the algorithm continue to learn and evolve as it is used?,L'algorithme continuera-t-il à apprendre et à évoluer à mesure qu'il est utilisé?,12,raw,radiogroup,1.0.0,1.0.1,2,aboutAlgorithm8,N,active,,N
140,"If yes, are there mechanisms in place to monitor the changes?","Si oui, des mécanismes ont-ils été mis en place pour vous permettre d'en suivre l'évolution?",12,raw,radiogroup,1.0.0,1.0.1,2,aboutAlgorithm8A,N,active,139,Y
141,Does the algorithm consider protected characteristics to make its decisions or recommendations?,L'algorithme tient-il compte des caractéristiques protégées lors de la prise de décisions ou de la formulation de recommandations?,12,raw,radiogroup,1.0.0,1.0.1,2,aboutAlgorithm9,N,active,,N
142,Describe why protected characteristics are being considered and any mitigations in place to address potential issues with bias or discrimination.,"Veuillez préciser les raisons pour lesquelles les caractéristiques protégées sont prises en compte et les mesures d'atténuation mises en place pour résoudre les problèmes de biais ou de discrimination, le cas échéant.",12,raw,comment,1.0.0,1.0.1,2,aboutAlgorithm9A,N,active,141,Y
143,Have you evaluated whether variables that the system bases its decisions or recommendations on could be proxies for protected characteristics?,Avez-vous vérifié si les variables sur lesquelles le système fonde ses décisions ou ses recommandations pourraient être des substituts de caractéristiques protégées?,12,raw,radiogroup,1.0.0,1.0.1,2,aboutAlgorithm11,N,active,,N
144,"Describe which protected characteristics, risks identified, and how they have been addressed.","Veuillez décrire les caractéristiques protégées, les risques recensés et les mesures prises pour les gérer.",12,raw,comment,1.0.0,1.0.1,2,aboutAlgorithm11A,N,active,143,Y
145,Describe why you have not evaluated whether variables could be proxies for protected characteristics.,Veuillez préciser les raisons pour lesquelles vous n'avez pas vérifié si les variables peuvent être des substituts de caractéristiques protégées.,12,raw,comment,1.0.0,1.0.1,2,aboutAlgorithm11B,N,active,143,Y
146,Describe,Veuillez expliquer votre réponse.,4,raw,comment,1.0.0,1.0.1,2,decisionSector2,N,active,11,Y
147,Describe.,Veuillez préciser.,5,raw,comment,1.0.0,1.0.1,2,impact3A,N,active,,N
148,"Have you assessed system performance for clients with a range of personal and intersectional identity factors (for example, gender, age, race, language, ethnicity, disability) to verify that decisions and outcomes are fair for a diverse group of people, and have the identified disparities been addressed?","Avez-vous évalué le rendement du système pour les personnes ayant plusieurs facteurs d’identité personnels et intersectionnels (par exemple, le genre, l’âge, la race, la langue, l’origine ethnique ou le handicap) afin de vous assurer que les décisions et les incidences sont équitables pour un groupe diversifié de personnes, et les disparités relevées ont-elles été corrigées?",5,raw,radiogroup,1.0.0,1.0.1,2,impact18,N,active,,N
149,Describe why system performance has not been assessed for clients with a range of personal and intersectional identity factors and what mitigations are in place.,Expliquez pourquoi le rendement du système n’a pas été évalué pour les personnes ayant plusieurs facteurs d’identité personnels et intersectionnels et quelles mesures d’atténuation sont en place.,5,raw,comment,1.0.0,1.0.1,2,impact18A,N,active,148,Y
150,Describe your approach to assessing system performance.,Décrivez l’approche que vous avez adoptée pour évaluer le rendement du système.,5,raw,comment,1.0.0,1.0.1,2,impact18B,N,active,148,Y
151,"Describe your approach to assessing system performance, the difference in system performance identified and any mitigation measures that have been taken.","Décrivez l’approche que vous avez adoptée pour évaluer le rendement du système, les différences de rendement du système observées et les mesures d’atténuation qui ont été prises à cet égard.",5,raw,comment,1.0.0,1.0.1,2,impact18C,N,active,148,Y
152,Have you tested system performance for clients with a variety of different disabilities?,Avez-vous testé le rendement du système auprès de personnes ayant divers handicaps?,5,raw,radiogroup,1.0.0,1.0.1,2,impact19I,N,active,,N
153,Describe any differences in system performance identified and mitigations in place to address them.,"Si oui, décrivez les écarts de rendement constatés et les mesures d'atténuation mises en place pour y remédier.",5,raw,comment,1.0.0,1.0.1,2,impact19IY,N,active,152,Y
154,Describe why system performance has not been assessed across a variety of disabilities.,"Si non, décrivez les raisons pour lesquelles le rendement du système n'a pas été évalué auprès de personnes ayant divers handicaps.",5,raw,comment,1.0.0,1.0.1,2,impact19IN,N,active,152,Y
155,Describe,Veuillez expliquer votre réponse.,5,raw,comment,1.0.0,1.0.1,4,impact23Y; impact23N,N,active,97,Y
156,What proportion of clients will the system be applied to?,Quelle proportion de la clientèle sera prise en charge par le système?,5,raw,dropdown,1.0.0,1.0.1,2,impact26,N,active,,N
157,Describe why the proportion of clients subject to use of tool is unknown.,Veuillez expliquer la raison pour laquelle la proportion de la clientèle prise en charge par le système est inconnue.,5,raw,comment,1.0.0,1.0.1,2,impact26U,N,active,156,Y
158,Could not being subject to the use of the tool have a negative impact on an individual or groups of individuals?,Les personnes ou les groupes de personnes qui ne seront pas pris en charge par le système seront-elles pénalisées?,5,raw,radiogroup,1.0.0,1.0.1,2,impact27,N,active,156,Y
159,Describe,Veuillez expliquer votre réponse.,5,raw,comment,1.0.0,1.0.1,2,impact27YN,N,active,156,Y
160,The impact of individuals being wrongfully included or overlooked by the system could be:,L'incidence sur les personnes qui ont été indûment prises en charge ou exclues par le système pourrait être :,5,raw,dropdown,1.0.0,1.0.1,2,impact28,N,active,,N
161,Describe why the impact of being wrongfully included or overlooked by the system is as selected.,Expliquez pourquoi l'incidence d'une erreur quant à la prise en charge ou à l'exclusion d'une personne par le système est telle que vous l'avez mentionnée.,5,raw,comment,1.0.0,1.0.1,2,impact28A,N,active,,N
162,Will the personal information be shared (check all that apply),Les renseignements personnels recueillis seront-ils communiqués? (Cochez toutes les réponses qui s'appliquent):,19,raw,checkbox,1.0.0,1.0.1,2,aboutDataSource14,N,active,20,Y
163,Please specify,Précisez,19,raw,comment,1.0.0,1.0.1,2,aboutDataSource14A,N,active,20,Y
164,Is the training and testing data for the system representative of the clients being served? ,Les données utilisées aux fins de l'apprentissage du système et des essais réalisés sur celui-ci cadrent-elles avec la clientèle desservie?  ,19,raw,radiogroup,1.0.0,1.0.1,2,aboutDataSource15,N,active,,N
165,Describe how you have assessed that data was representative. ,Veuillez préciser les mesures que vous avez prises pour vérifier que les données cadrent bien avec celle-ci. ,19,raw,comment,1.0.0,1.0.1,4,aboutDataSource15Y; aboutDataSource15U,Y,active,164,Y
166,Explain why the data is not representative and indicate how this has or will be managed.    ,Veuillez expliquer les raisons pour lesquelles les données ne cadrent pas avec celle-ci et indiquez les mesures prises pour y remédier ou celles qui seront prises. ,19,raw,comment,1.0.0,1.0.1,2,aboutDataSource15N,N,active,164,Y
167,Are there biases in the training data that could increase the likelihood of discriminatory outcomes or lead to other impacts on human rights? ,Les données d'apprentissage comportent-elles des biais susceptibles d'accroître le risque de discrimination ou de toute autre répercussion sur les droits de la personne? ,19,raw,radiogroup,1.0.0,1.0.1,2,aboutDataSource16,N,active,,N
168,Explain the biases identified and any mitigations to address this. ,Veuillez expliquer les biais constatés et les mesures d'atténuation prises pour y remédier.   ,19,raw,comment,1.0.0,1.0.1,2,aboutDataSource16Y,N,active,167,Y
169,Explain the process taken to confirm that there are no biases in the training data that could increase the likelihood of discriminatory outcomes or other impacts on human rights.,Expliquez les mesures prises pour garantir que les données d'apprentissage ne comportent aucun biais susceptible d'accroître le risque de discrimination ou de toute autre répercussion sur les droits de la personne.,19,raw,comment,1.0.0,1.0.1,4,aboutDataSource16N; aboutDataSource16U,Y,active,167,Y
170,Please specify,Précisez,19,raw,text,1.0.0,1.0.1,2,aboutDataSource2A,N,active,21,Y
171,Are there measures in place to ensure the accuracy of the personal information used?,Des mesures ont-elles été mises en place pour garantir l'exactitude des renseignements personnels utilisés?,19,raw,radiogroup,1.0.0,1.0.1,2,aboutDataSource17,N,active,,N
172,"If yes, describe the measures taken to ensure and verify the accuracy of personal information.",Décrivez les mesures prises pour garantir et vérifier l'exactitude des renseignements personnels. ,19,raw,comment,1.0.0,1.0.1,4,aboutDataSource17Y; aboutDataSource17N,Y,active,171,Y
173,Describe ,Veuillez préciser ,19,raw,comment,1.0.0,1.0.1,2,aboutDataSource17U,N,active,171,Y
174,Has there been a decision to exclude certain data? ,Avez-vous décidé d'exclure certaines données? ,19,raw,radiogroup,1.0.0,1.0.1,2,aboutDataSourceType3,N,active,,N
175,Describe why data has been excluded ,Veuillez expliquer la raison pour laquelle ces données ont été exclues. ,19,raw,comment,1.0.0,1.0.1,2,aboutDataSourceType3A,N,active,174,Y
176,"Identify the consultees or partners and indicate the project lifecycle stage (Concept, Design, Data collection and processing, Building or adapting the model, Testing, Deployment, Production, Monitoring, Decommission) in which the engagement will take place."," Indiquez les partenaires ou les parties consultantes et l'étape du cycle de vie du projet (par exemple, le plan de conception, la conception, la collecte de données et le traitement, l'élaboration ou l'adaptation du modèle, la mise à l'essai, le déploiement, la production, la surveillance et la mise hors service) au cours de laquelle les activités de consultation dérouleront.",20,mitigation,comment,1.0.0,1.0.1,4,consultationDesign5; consultationImplementation5,Y,active,,N
177,Will you consult with the clients that will be most impacted by the system?,Allez-vous consulter les personnes pour lesquelles les incidences de la mise en œuvre du système seront les plus importantes?,20,mitigation,radiogroup,1.0.0,1.0.1,8,consultationDesign6; consultationDesign7; consultationImplementation6; consultationImplementation7,Y,active,,N
178,Explain why you did not consult the clients that will be most impacted by the system.  ,Expliquez pourquoi vous n'allez pas consulter les personnes qui seront les plus touchées par la mise en œuvre du système.,20,mitigation,comment,1.0.0,1.0.1,8,consultationDesign6A; consultationDesign7A; consultationImplementation6A; consultationImplementation7A,Y,active,177,Y
179,Explain why you are unsure. ,Expliquez votre réponse,20,mitigation,comment,1.0.0,1.0.1,8,consultationDesign6B; consultationDesign7B; consultationImplementation6B; consultationImplementation7B,Y,active,177,Y
180,Have consultees or partners raised any significant concerns about the system in the following areas:,Les partenaires ou les parties consultantes ont-elles soulevé des préoccupations importantes à l'égard des aspects du système qui suivent?,20,mitigation,checkbox,1.0.0,1.0.1,4,consultationDesign8; consultationImplementation8,N,active,,N
181,Describe how the identified concerns have been assessed and managed. ,"Si vous avez sélectionné un ou plusieurs énoncés, décrivez la manière dont les préoccupations soulevées ont été évaluées et gérées. ",20,mitigation,comment,1.0.0,1.0.1,4,consultationDesign8A; consultationImplementation8A,N,active,180,Y
182,"Explain how you documented, analyzed and addressed the feedback received.","Expliquez comment vous avez documenté, analysé et traité la rétroaction reçue.",20,mitigation,comment,1.0.0,1.0.1,4,consultationDesign9; consultationImplementation9,N,active,,N
183,Summarize the process or provide a link if publicly available.  ,Veuillez décrire brièvement le processus ou fournir un lien s'il est accessible au public.,22,mitigation,comment,1.0.0,1.0.1,2,dataQualityDesign11,N,active,65,Y
184,Summarize the process or provide a link if publicly available.  ,Veuillez décrire brièvement le processus ou fournir un lien s'il est accessible au public.,22,mitigation,comment,1.0.0,1.0.1,6,dataQualityDesign12; dataQualityDesign9A; dataQualityImplementation12,Y,active,30,Y
185,Summarize the findings or provide a link if publicly available.,Veuillez résumer les résultats ou fournir un lien s'ils sont accessibles au public.,22,mitigation,comment,1.0.0,1.0.1,4,dataQualityDesign7A; dataQualityImplementation6A,Y,active,31,Y
186,Summarize the process or provide a link if publicly available.  ,Veuillez décrire brièvement le processus ou fournir un lien s'il est accessible au public.,23,mitigation,comment,1.0.0,1.0.1,2,dataQualityImplementation11,N,active,67,Y
187,Summarize the process or provide a link if publicly available.  ,Veuillez décrire brièvement le processus ou fournir un lien s'il est accessible au public.  ,23,mitigation,comment,1.0.0,1.0.1,2,dataQualityImplementation9A,N,active,33,Y
188,"Will all key decision points in the automated system's logic be linked to the relevant legislation, policy or procedure?","Les principaux points de décision compris dans la logique du système automatisé sont-ils tous reliés aux lois, aux politiques ou aux procédures applicables, ou le seront-ils?",24,mitigation,radiogroup,1.0.0,1.0.1,4,fairnessDesign1A; fairnessImplementation1A,Y,active,,N
189,Describe how user feedback informs updates to the system. ,"Si oui, veuillez décrire la façon dont la rétroaction sera prise en compte dans les mises à jour du système. ",24,mitigation,comment,1.0.0,1.0.1,4,fairnessDesign12A; fairnessImplementation12A,Y,active,46,Y
190,Describe why user feedback is not captured. ,"Si non, veuillez expliquer pourquoi la rétroaction n'a pas été prise en compte. ",24,mitigation,comment,1.0.0,1.0.1,4,fairnessDesign12B; fairnessImplementation12B,Y,active,46,Y
191,Provide information on the recourse process or link to a website where this is described.  ,Veuillez fournir des renseignements sur la procédure de recours ou un lien vers un site web où cette procédure est décrite. ,24,mitigation,comment,1.0.0,1.0.1,4,fairnessDesign13A; fairnessImplementation13A,Y,active,42,Y
192,Will you undertake mitigations in algorithm development and model testing to address bias and discrimination? ,"Des mesures d'atténuation ont-elles été prises lors de l'élaboration des algorithmes et des essais de modèles pour éliminer tout biais et élément discriminatoire, ou le seront-elles? ",24,mitigation,radiogroup,1.0.0,1.0.1,4,fairnessDesign18; fairnessImplementation18,Y,active,,N
193,Describe the metrics used and any mitigations taken to address identified issues.,Veuillez décrire les paramètres et les mesures d'atténuation utilisés pour remédier aux problèmes constatés.,24,mitigation,comment,1.0.0,1.0.1,4,fairnessDesign18A; fairnessImplementation18A,Y,active,192,Y
194,Will the system only consider input data and information relevant to the decision? ,Le système ne s'appuie-t-il que sur les données d'entrée et l'information se rapportant à la décision?  ,24,mitigation,radiogroup,1.0.0,1.0.1,4,fairnessDesign19; fairnessImplementation19,Y,active,,N
195,Are the system rules directly relevant to the administrative decision? ,Les règles du système sont-elles directement liées aux décisions administratives?,24,mitigation,radiogroup,1.0.0,1.0.1,4,fairnessDesign20; fairnessImplementation20,N,active,,N
196,Indicate additional procedural fairness protections in place (check all that apply): ,Veuillez indiquer toute autre mesure prise pour garantir l'équité procédurale (cochez toutes les réponses qui s'appliquent) : ,24,mitigation,checkbox,1.0.0,1.0.1,4,fairnessDesign21; fairnessImplementation21,N,active,,N
197,Describe,Précisez,24,mitigation,comment,1.0.0,1.0.1,4,fairnessDesign21A; fairnessImplementation21A,N,active,196,Y
198,Are there processes in place to ensure impartiality and ethical conduct by the decision-maker in the use of the system and its outputs? ,Des processus visant à garantir l'impartialité et l'éthique de la personne responsable de prendre les décisions quant à l'utilisation du système et à ses résultats ont-ils été mis en place? ,24,mitigation,radiogroup,1.0.0,1.0.1,4,fairnessDesign22; fairnessImplementation22,N,active,,N
199,Will you undertake training on appropriate use and awareness of risks associated with automation bias?,Avez-vous suivi une formation sur l'utilisation appropriée et la sensibilisation aux risques associés aux biais d'automatisation ou avez-vous l'intention de le faire? ,24,mitigation,radiogroup,1.0.0,1.0.1,4,fairnessDesign22A; fairnessImplementation22A,Y,active,,N
200,Will your team be regularly retraining the model or reviewing the rules? ,Votre équipe procédera-t-elle régulièrement à la mise à jour du modèle ou à l'examen des règles? ,24,mitigation,radiogroup,1.0.0,1.0.1,4,fairnessDesign23; fairnessImplementation23,N,active,,N
201,Do you have monitoring processes in place to detect changes in system performance over time? ,Disposez-vous de processus de surveillance qui vous permettront de déceler les changements liés au rendement du système au fil du temps?,24,mitigation,radiogroup,1.0.0,1.0.1,4,fairnessDesign24; fairnessImplementation24,N,active,,N
202,Do you have a process in place to update the system based on the monitoring results? ,Disposez-vous d'un processus de mise à jour du système fondé sur les résultats du processus de surveillance?,24,mitigation,radiogroup,1.0.0,1.0.1,4,fairnessDesign24A; fairnessImplementation24A,N,active,201,Y
203,Describe ,Veuillez expliquer votre réponse. ,24,mitigation,comment,1.0.0,1.0.1,4,fairnessDesign24AA; fairnessImplementation24AA,N,active,201,Y
204,Indicate why monitoring processes are not in place.,Indiquez pourquoi aucun processus de surveillance n'est en place.,24,mitigation,comment,1.0.0,1.0.1,4,fairnessDesign24B; fairnessImplementation24B,N,active,201,Y
205,Describe,Veuillez préciser.,26,mitigation,comment,1.0.0,1.0.1,8,privacyDesign2A; privacyDesign9A; privacyImplementation2A; privacyImplementation9A,Y,active,72,Y
206,Will you design and build privacy into your systems from the concept stage of the project?,"Avez-vous conçu des mesures de la protection des renseignements personnels et les avez-vous intégrées dans vos systèmes dès l'étape de la conception du projet, ou avez-vous l'intention de le faire?",26,mitigation,radiogroup,1.0.0,1.0.1,4,privacyDesign9; privacyImplementation9,Y,active,,N
