system_id,og_record_id,system_name_en,system_name_fr,department_en,department_fr,department_code,portal_department_code,branch,submission_count,first_submission_label,latest_submission_label,current_submission_id,current_impact_level,current_score_pct,portal_url_en
1,01396e33-2c69-47e5-9381-32e717943b96,Advanced Analytics Triage of Visitor Record Applications,Triage au moyen de l’analytique avancée des demandes de fiche du visiteur,"Immigration, Refugees and Citizenship Canada","Immigration, Réfugiés et Citoyenneté Canada",050,cic,Various Branches at IRCC,1,Original,Original,1-1,2,32.5,https://open.canada.ca/data/en/dataset/01396e33-2c69-47e5-9381-32e717943b96
2,04556b29-284a-4d2b-8076-928476d64553,Automated Triage and Positive Eligibility Determinations of In-Canada Work Permit Applications,Triage et déterminations positives de la recevabilité automatisés des demandes de permis de travail pour les demandeurs au Canada,"Immigration, Refugees and Citizenship Canada","Immigration, Réfugiés et Citoyenneté Canada",050,cic,Operations Planning and Performance Branch,1,Original,Original,2-1,2,41.3,https://open.canada.ca/data/en/dataset/04556b29-284a-4d2b-8076-928476d64553
3,061ee9d1-a04a-4590-a381-df8527390f68,Leveraging Artificial Intelligence (AI) for backlog reduction: AI assistant prototype,Tirer parti de l’intelligence artificielle (IA) pour réduire les retards : prototype d’assistant IA,Public Services and Procurement Canada,Services publics et Approvisionnement Canada,127,pwgsc-tpsgc,Data Modernization ,1,Original,Original,3-1,2,36.5,https://open.canada.ca/data/en/dataset/061ee9d1-a04a-4590-a381-df8527390f68
4,123aefbb-c9cb-4243-9be3-7f901daf13f7,Old Age Security Extended Absence Leave Prioritization,Priorisation des absences prolongées pour la Sécurité de la vieillesse,Employment and Social Development Canada,Emploi et Développement social Canada,014,esdc-edsc,Integrity Service Branch,1,Original,Original,4-1,1,24.6,https://open.canada.ca/data/en/dataset/123aefbb-c9cb-4243-9be3-7f901daf13f7
5,1257e5c1-243f-4ab8-be42-e7433c8ebe70,Passport Program Facial Recognition System,Système de reconnaissance faciale du programme de Passeport,"Immigration, Refugees and Citizenship Canada","Immigration, Réfugiés et Citoyenneté Canada",050,cic,Visitors and Identity Management Branch,1,Original,Original,5-1,2,33.3,https://open.canada.ca/data/en/dataset/1257e5c1-243f-4ab8-be42-e7433c8ebe70
6,240f1dbc-a3b5-46b1-9b5f-d0d3cbec9378,Integrity trends analysis tool ,Outil d’analyse des tendances en matière d’intégrité,"Immigration, Refugees and Citizenship Canada","Immigration, Réfugiés et Citoyenneté Canada",050,cic,Integrity Risk Management,1,Original,Original,6-1,2,27.0,https://open.canada.ca/data/en/dataset/240f1dbc-a3b5-46b1-9b5f-d0d3cbec9378
7,24d2cab2-6a0d-4234-9239-b6ce102ebabd,Classification of E.I. claim recalculations using Machine Learning ,Classifier les demandes de révisions  d'Assurance Emploi  à l’aide du Machine Learning,Employment and Social Development Canada,Emploi et Développement social Canada,014,esdc-edsc,Benefits and Integrated Services Branch (BISB),1,Original,Original,7-1,1,25.2,https://open.canada.ca/data/en/dataset/24d2cab2-6a0d-4234-9239-b6ce102ebabd
8,380f8da2-a18e-4747-a29f-7775450b7283,Internal Activity and Access Monitoring,Surveillance de l’activité interne et des accès,Employment and Social Development Canada,Emploi et Développement social Canada,014,esdc-edsc,Integrity Services Branch,1,Original,Original,8-1,1,23.8,https://open.canada.ca/data/en/dataset/380f8da2-a18e-4747-a29f-7775450b7283
9,452e10be-383d-4d7a-9c7d-6484dc366a4a,Study Permit Extension Eligibility Model,Modèle de recevabilité à la prolongation du permis d'études,"Immigration, Refugees and Citizenship Canada","Immigration, Réfugiés et Citoyenneté Canada",050,cic,Various Branches at IRCC,1,Original,Original,9-1,2,29.3,https://open.canada.ca/data/en/dataset/452e10be-383d-4d7a-9c7d-6484dc366a4a
10,52b8574d-5c95-463b-b375-8edd092cea30,Using artificial intelligence (AI) to automate candidate evaluations in the staffing process's assessment phase,Processus de dotation avec la plateforme Knockri : un outil d’évaluation des candidatures,Treasury Board of Canada Secretariat,Secrétariat du Conseil du Trésor du Canada,056,tbs-sct,Human Resources Division,1,Original,Original,10-1,1,22.2,https://open.canada.ca/data/en/dataset/52b8574d-5c95-463b-b375-8edd092cea30
11,6b429c8e-ee5b-451a-883f-b6180ada9286,Machine Learning Workload ,Évaluation de l'incidence  algorithmique - Utilisation de l'Apprentissage Automatique pour réduire les inventaires du programme de l'Assurance emploi,Employment and Social Development Canada,Emploi et Développement social Canada,014,esdc-edsc,Benefits and Integrated Services Branch (BISB),1,Original,Original,11-1,2,27.8,https://open.canada.ca/data/en/dataset/6b429c8e-ee5b-451a-883f-b6180ada9286
12,6ca819ed-dfde-4c4e-ac6b-831310825b03,Compensation Virtual Assistant (CVA),Assistant virtuel de la rémunération (AVR),Public Services and Procurement Canada,Services publics et Approvisionnement Canada,127,pwgsc-tpsgc,PSPC - Human Capital Management Pay Administration Branch,1,Original,Original,12-1,1,20.4,https://open.canada.ca/data/en/dataset/6ca819ed-dfde-4c4e-ac6b-831310825b03
13,6cba99b1-ea2c-4f8a-b954-3843ecd3a7f0,Advanced Analytics Triage of Overseas Temporary Resident Visa Applications ,Triage au moyen de l’analyse avancée des demandes de visa de résident temporaire présentées depuis l’étranger,"Immigration, Refugees and Citizenship Canada","Immigration, Réfugiés et Citoyenneté Canada",050,cic, Various Branches at IRCC,1,Original,Original,13-1,2,31.8,https://open.canada.ca/data/en/dataset/6cba99b1-ea2c-4f8a-b954-3843ecd3a7f0
14,71b309a0-efd2-4e85-8124-37e935c23aef,Administrative Activities Support Tool (AAST) ,Outil de soutien aux activités administratives (OSAA),"Immigration, Refugees and Citizenship Canada","Immigration, Réfugiés et Citoyenneté Canada",050,cic,International Platform Branch,1,Original,Original,14-1,1,21.4,https://open.canada.ca/data/en/dataset/71b309a0-efd2-4e85-8124-37e935c23aef
15,92d7bc61-3724-44cd-9917-e2bf75023d4e,LMIA Summary of Information,Évaluation de l'incidence algorithmique - Résumé des informations sur le EIMT,Employment and Social Development Canada,Emploi et Développement social Canada,014,esdc-edsc,TFWPB,1,Original,Original,15-1,1,22.2,https://open.canada.ca/data/en/dataset/92d7bc61-3724-44cd-9917-e2bf75023d4e
16,94d9dd91-803a-458c-a381-db6a22c9571a,Electronic Social Insurance Number Automation (eSINa),"Automatisation du numéro d’assurance sociale électronique (aNASe)
",Employment and Social Development Canada,Emploi et Développement social Canada,014,esdc-edsc,Integrity Services Branch,1,Original,Original,16-1,1,24.6,https://open.canada.ca/data/en/dataset/94d9dd91-803a-458c-a381-db6a22c9571a
17,9addf54a-7148-459f-b785-0e240414ef7f,Mental Health Benefit,Avantages pour la santé mentale,Veterans Affairs Canada,Anciens Combattants Canada,021,vac-acc,Corporate Services,1,Original,Original,17-1,2,44.9,https://open.canada.ca/data/en/dataset/9addf54a-7148-459f-b785-0e240414ef7f
18,aafdfbcd-1cdb-4913-84d5-a03df727680c,Automation Development to Support Disability Benefit Decision Making,Résultats de l'évaluation de l'incidence algorithmique - Développement de l’automatisation à l’appui de la prise de décisions en matière de prestations d’invalidité,Veterans Affairs Canada,Anciens Combattants Canada,021,vac-acc,Corporate Services,1,Original,Original,18-1,3,52.3,https://open.canada.ca/data/en/dataset/aafdfbcd-1cdb-4913-84d5-a03df727680c
19,ad4be3b8-ac97-4dc1-8dd8-231239d018f2,Automation Tools to help process privately sponsored refugee applications,Utilisation d’outils d’automatisation pour accélérer le traitement des demandes de réfugiés parrainés par le secteur privé,"Immigration, Refugees and Citizenship Canada","Immigration, Réfugiés et Citoyenneté Canada",050,cic,Various branches at IRCC,1,Original,Original,19-1,2,45.8,https://open.canada.ca/data/en/dataset/ad4be3b8-ac97-4dc1-8dd8-231239d018f2
20,afc17416-3781-422d-a4a9-cc55e3a053c8,ArriveCAN Proof of Vaccination Recognition,Évaluation de l'incidence algorithmique - Reconnaissance de preuve de vaccination d'ArriveCAN,Public Health Agency of Canada,Agence de la santé publique du Canada,148,phac-aspc,Corporate Data and Surveillance Branch,1,Original,Original,20-1,2,43.9,https://open.canada.ca/data/en/dataset/afc17416-3781-422d-a4a9-cc55e3a053c8
21,b3dc23b6-8c06-4c45-bc65-4cb4ec30bf80,Temporary Foreign Worker Program Case Selection Algorithm,Évaluation de l'incidence algorithmique - Algorithme de sélection des cas du Programme des travailleurs étrangers temporaires,Employment and Social Development Canada,Emploi et Développement social Canada,014,esdc-edsc,Integrity Services Branch and Temporary Foreign Worker Branch,1,Original,Original,21-1,1,23.8,https://open.canada.ca/data/en/dataset/b3dc23b6-8c06-4c45-bc65-4cb4ec30bf80
22,b4a417f7-5040-4328-9863-bb8bbb8568c3,Modèle de recevabilité du permis de travail d’Expérience internationale Canada (EIC),International Experience Canada (IEC) Work Permit Eligibility Model,"Immigration, Refugees and Citizenship Canada","Immigration, Réfugiés et Citoyenneté Canada",050,cic,Diverses directions générales d’IRCC,1,Original,Original,22-1,2,28.6,https://open.canada.ca/data/en/dataset/b4a417f7-5040-4328-9863-bb8bbb8568c3
23,b92cbf7b-3b1c-4b02-a219-ce5b9bdb030d,Automate the review of non-complex applications for Temporary Resident Visas and Work Permits made under the Canada-Ukraine Authorization for Emergency Travel (CUAET),Automatiser l'examen des demandes non complexes de visa de résident temporaire et de permis de travail faites dans le cadre de l'Autorisation de voyage d'urgence Canada-Ukraine (AVUCU),"Immigration, Refugees and Citizenship Canada","Immigration, Réfugiés et Citoyenneté Canada",050,cic,Various Branches at IRCC,1,Original,Original,23-1,2,39.3,https://open.canada.ca/data/en/dataset/b92cbf7b-3b1c-4b02-a219-ce5b9bdb030d
24,c088f841-2d79-4c7e-9281-cc65cbae1b06,Pre-load Air Cargo Targeting (PACT) Program,Ciblage du fret aérien préalable au chargement (CFAPC),Transport Canada,Transports Canada,034,tc,Passenger Protect Program and Targeting Operations,1,Original,Original,24-1,2,38.9,https://open.canada.ca/data/en/dataset/c088f841-2d79-4c7e-9281-cc65cbae1b06
25,cea9985f-5e0f-425e-9b7e-e1d122272c56,ATIP Digital Services,Services numériques d’AIPRP,Treasury Board of Canada Secretariat,Secrétariat du Conseil du Trésor du Canada,056,tbs-sct,CIOB,3,2021 Update,2022 Update,25-3,2,30.8,https://open.canada.ca/data/en/dataset/cea9985f-5e0f-425e-9b7e-e1d122272c56
26,d24ae2dd-8399-4b49-8441-3e0318aaf69a,Repayment Assistance Plan – Enhanced Verification Model (RAP-EVM) ,Évaluation de l'incidence algorithmique - le Programme d'aide au remboursement - Modèle de vérification amélioré,Employment and Social Development Canada,Emploi et Développement social Canada,014,esdc-edsc,Learning,1,Original,Original,26-1,1,22.2,https://open.canada.ca/data/en/dataset/d24ae2dd-8399-4b49-8441-3e0318aaf69a
27,d41f9ec2-bf01-4b2a-bd8d-1b3a8424f534,Spouse or Common-Law Partner in Canada Advanced Analytics ,Évaluation d'incidence algorithmique - Analytique avancée pour les époux ou conjoints de fait au Canada,"Immigration, Refugees and Citizenship Canada","Immigration, Réfugiés et Citoyenneté Canada",050,cic,Various Branches at IRCC,1,Original,Original,27-1,2,40.2,https://open.canada.ca/data/en/dataset/d41f9ec2-bf01-4b2a-bd8d-1b3a8424f534
28,d5b89acc-5f2a-435d-b8f5-18002ba24c2a,Non-Competitive Local Licensing (NCLL),Licences non concurrentielles locales (LNCL),"Innovation, Science and Economic Development Canada","Innovation, Sciences et Développement économique Canada",033,ic,Spectrum and Telecommunications Sector (STS),1,Original,Original,28-1,1,19.8,https://open.canada.ca/data/en/dataset/d5b89acc-5f2a-435d-b8f5-18002ba24c2a
29,daa9ca66-566f-4c2e-a285-d2e217c2a00f,Record of Employments (ROE) Comments Assessment ,Évaluation des commentaires des RE,Employment and Social Development Canada,Emploi et Développement social Canada,014,esdc-edsc,CDOB,1,Original,Original,29-1,1,24.6,https://open.canada.ca/data/en/dataset/daa9ca66-566f-4c2e-a285-d2e217c2a00f
30,eaeb269c-6ac5-4429-a5aa-1fcc07c77933,Client Reporting and Engagement System (CRES/ReportIn) / Système de Rapports et d’engagement des Clients (SREC)/JeMePrésente,Évaluation d’incidence algorithmique - Système de Rapports et d’engagement des Clients (SREC)/JeMePrésente,Canada Border Services Agency,Agence des services frontaliers du Canada,085,cbsa-asfc,Intelligence and Enforcement / Renseignement et exécution de la loi,1,Original,Original,30-1,2,50.0,https://open.canada.ca/data/en/dataset/eaeb269c-6ac5-4429-a5aa-1fcc07c77933
31,f028d40f-3c0e-4a36-8a38-fe18d7aaaa32,Passport Program Modernization Initiative ,Le processus décisionnel automatisé dans le Système mondial de gestion des cas (SMGC) d’IRCC,"Immigration, Refugees and Citizenship Canada","Immigration, Réfugiés et Citoyenneté Canada",050,cic, Citizenship and Passport Programs  ,1,Original,Original,31-1,1,22.4,https://open.canada.ca/data/en/dataset/f028d40f-3c0e-4a36-8a38-fe18d7aaaa32
32,f95dbd40-1236-428c-acd1-25b7559686be,Demandes des époux et des conjoints de la catégorie du regroupement familial à l’étranger ,Demandes des époux et des conjoints de la catégorie du regroupement familial à l’étranger ,"Immigration, Refugees and Citizenship Canada","Immigration, Réfugiés et Citoyenneté Canada",050,cic,Diverses directions générales à IRCC ,1,Original,Original,32-1,2,34.9,https://open.canada.ca/data/en/dataset/f95dbd40-1236-428c-acd1-25b7559686be
