catalog_version,field_name,field_id,option_set_id,point_profile_id,option_count,max_points
0.10.0,aboutAlgorithm1,31,1,1,2,3
0.10.0,aboutAlgorithm2,32,1,1,2,3
0.10.0,aboutDataSource1,57,1,2,2,4
0.10.0,aboutDataSource10,59,1,3,2,2
0.10.0,aboutDataSource11,60,1,4,2,1
0.10.0,aboutDataSource2,62,2,5,5,4
0.10.0,aboutDataSource3,63,3,6,4,3
0.10.0,aboutDataSource4,64,1,2,2,4
0.10.0,aboutDataSource5,65,1,2,2,4
0.10.0,aboutDataSource6,66,1,2,2,4
0.10.0,aboutDataSource7,67,4,7,4,4
0.10.0,aboutDataSource8,68,4,7,4,4
0.10.0,aboutDataSource9,58,1,8,2,4
0.10.0,aboutDataType1,70,1,9,2,0
0.10.0,aboutDataType2,71,5,10,2,4
0.10.0,aboutSystem1,29,6,11,6,0
0.10.0,businessDrivers1,10,7,12,6,0
0.10.0,businessDrivers11,20,8,13,6,3
0.10.0,businessDrivers5,14,9,14,3,2
0.10.0,businessDrivers9,18,1,4,2,1
0.10.0,consultationDesign1,72,1,15,2,1
0.10.0,consultationDesign2,73,10,16,16,0
0.10.0,consultationDesign3,75,1,15,2,1
0.10.0,consultationDesign4,76,11,17,9,0
0.10.0,consultationImplementation1,78,1,15,2,1
0.10.0,consultationImplementation2,79,12,18,16,0
0.10.0,consultationImplementation3,81,1,15,2,1
0.10.0,consultationImplementation4,82,11,17,9,0
0.10.0,dataQualityDesign1,84,1,3,2,2
0.10.0,dataQualityDesign10,93,1,3,2,2
0.10.0,dataQualityDesign2,85,1,15,2,1
0.10.0,dataQualityDesign3,86,1,15,2,1
0.10.0,dataQualityDesign4,87,1,15,2,1
0.10.0,dataQualityDesign5,88,1,15,2,1
0.10.0,dataQualityDesign6,89,1,15,2,1
0.10.0,dataQualityDesign7,90,1,3,2,2
0.10.0,dataQualityDesign8,91,1,3,2,2
0.10.0,dataQualityDesign9,92,1,15,2,1
0.10.0,dataQualityImplementation1,94,1,3,2,2
0.10.0,dataQualityImplementation10,103,1,3,2,2
0.10.0,dataQualityImplementation2,95,1,15,2,1
0.10.0,dataQualityImplementation3,96,1,15,2,1
0.10.0,dataQualityImplementation4,97,1,15,2,1
0.10.0,dataQualityImplementation5,98,1,15,2,1
0.10.0,dataQualityImplementation6,99,1,15,2,1
0.10.0,dataQualityImplementation7,100,1,3,2,2
0.10.0,dataQualityImplementation8,101,1,3,2,2
0.10.0,dataQualityImplementation9,102,1,15,2,1
0.10.0,decisionSector1,34,13,19,7,1
0.10.0,fairnessDesign1,104,1,15,2,1
0.10.0,fairnessDesign10,113,1,3,2,2
0.10.0,fairnessDesign11,114,1,15,2,1
0.10.0,fairnessDesign12,115,1,15,2,1
0.10.0,fairnessDesign13,116,1,3,2,2
0.10.0,fairnessDesign14,117,1,3,2,2
0.10.0,fairnessDesign15,118,1,15,2,1
0.10.0,fairnessDesign16,119,1,3,2,2
0.10.0,fairnessDesign17,120,1,15,2,1
0.10.0,fairnessDesign2,105,1,3,2,2
0.10.0,fairnessDesign3,106,1,3,2,2
0.10.0,fairnessDesign4,107,1,15,2,1
0.10.0,fairnessDesign5,108,1,3,2,2
0.10.0,fairnessDesign6,109,1,15,2,1
0.10.0,fairnessDesign7,110,1,15,2,1
0.10.0,fairnessDesign8,111,1,3,2,2
0.10.0,fairnessDesign9,112,1,15,2,1
0.10.0,fairnessImplementation1,121,1,15,2,1
0.10.0,fairnessImplementation10,130,1,3,2,2
0.10.0,fairnessImplementation11,131,1,15,2,1
0.10.0,fairnessImplementation12,132,1,15,2,1
0.10.0,fairnessImplementation13,133,1,3,2,2
0.10.0,fairnessImplementation14,134,1,3,2,2
0.10.0,fairnessImplementation15,135,1,15,2,1
0.10.0,fairnessImplementation16,136,1,3,2,2
0.10.0,fairnessImplementation17,137,1,15,2,1
0.10.0,fairnessImplementation2,122,1,3,2,2
0.10.0,fairnessImplementation3,123,1,3,2,2
0.10.0,fairnessImplementation4,124,1,15,2,1
0.10.0,fairnessImplementation5,125,1,3,2,2
0.10.0,fairnessImplementation6,126,1,15,2,1
0.10.0,fairnessImplementation7,127,1,15,2,1
0.10.0,fairnessImplementation8,128,1,3,2,2
0.10.0,fairnessImplementation9,129,1,15,2,1
0.10.0,impact11,51,14,20,4,4
0.10.0,impact13,53,14,20,4,4
0.10.0,impact15,55,14,20,4,4
0.10.0,impact22,41,1,3,2,2
0.10.0,impact24,49,14,20,4,4
0.10.0,impact3,38,1,2,2,4
0.10.0,impact30,36,15,21,2,4
0.10.0,impact5,43,1,2,2,4
0.10.0,impact6,44,16,22,4,4
0.10.0,impact7,45,17,23,4,4
0.10.0,impact9,47,14,20,4,4
0.10.0,privacyDesign1,138,1,15,2,1
0.10.0,privacyDesign2,141,1,15,2,1
0.10.0,privacyDesign3,142,1,15,2,1
0.10.0,privacyDesign4,143,1,15,2,1
0.10.0,privacyDesign7,144,1,15,2,1
0.10.0,privacyImplementation1,146,1,15,2,1
0.10.0,privacyImplementation2,149,1,15,2,1
0.10.0,privacyImplementation3,150,1,15,2,1
0.10.0,privacyImplementation4,151,1,15,2,1
0.10.0,privacyImplementation7,152,1,15,2,1
0.10.0,projectAuthority1,28,1,3,2,2
0.10.0,projectDetailsDepartment-NS,3,DEPARTMENTS,,101,0
0.10.0,projectDetailsPhase,8,18,24,2,0
0.10.0,riskProfile1,22,1,1,2,3
0.10.0,riskProfile2,23,1,1,2,3
0.10.0,riskProfile3,24,1,2,2,4
0.10.0,riskProfile4,25,1,1,2,3
0.10.0,riskProfile5,26,1,2,2,4
0.3,department,3,DEPARTMENTS,,101,0
0.3,question10,11,19,25,6,1
0.3,question11,13,1,26,2,0
0.3,question14,21,20,27,4,0
0.3,question16,23,20,27,4,0
0.3,question18,25,20,27,4,0
0.3,question20,16,16,28,4,0
0.3,question21,17,21,29,4,0
0.3,question22,19,20,27,4,0
0.3,question24,27,1,26,2,0
0.3,question25,28,2,30,5,0
0.3,question26,29,3,31,4,0
0.3,question27,30,1,26,2,0
0.3,question28,31,1,26,2,0
0.3,question29,32,1,26,2,0
0.3,question30,33,4,32,4,0
0.3,question31,34,4,32,4,0
0.3,question32,35,1,26,2,0
0.3,question33,36,22,33,2,0
0.3,question34,37,23,34,2,0
0.3,question35,38,23,35,2,0
0.3,question36,39,23,35,2,0
0.3,question37,40,23,34,2,0
0.3,question38,41,23,34,2,0
0.3,question39,42,23,34,2,0
0.3,question40,43,23,34,2,0
0.3,question41,44,23,34,2,0
0.3,question42,45,23,35,2,0
0.3,question43,46,23,35,2,0
0.3,question44,47,23,34,2,0
0.3,question45,48,23,35,2,0
0.3,question46,49,23,35,2,0
0.3,question47,50,23,34,2,0
0.3,question48,51,23,34,2,0
0.3,question49,52,23,35,2,0
0.3,question50,53,23,34,2,0
0.3,question51,54,23,35,2,0
0.3,question7,7,24,36,6,1
0.3,question8,15,1,26,2,0
0.3,question9,9,25,37,6,1
0.4,capabilities,9,26,38,6,1
0.4,department-NS,3,DEPARTMENTS,,101,0
0.4,discretion,13,1,2,2,4
0.4,motivation,7,24,36,6,1
0.4,question14,21,20,27,4,0
0.4,question16,23,20,27,4,0
0.4,question18,25,20,27,4,0
0.4,question20,16,16,28,4,0
0.4,question21,17,17,39,4,0
0.4,question22,19,20,27,4,0
0.4,question24,27,1,26,2,0
0.4,question25,28,2,30,5,0
0.4,question26,29,3,31,4,0
0.4,question27,30,1,26,2,0
0.4,question28,31,1,26,2,0
0.4,question29,32,1,26,2,0
0.4,question30,33,4,32,4,0
0.4,question31,34,4,32,4,0
0.4,question32,35,1,9,2,0
0.4,question33,36,22,40,2,4
0.4,question34,37,23,34,2,0
0.4,question35,38,23,35,2,0
0.4,question36,39,23,35,2,0
0.4,question37,40,23,34,2,0
0.4,question38,41,23,34,2,0
0.4,question39,42,23,34,2,0
0.4,question40,43,23,34,2,0
0.4,question41,44,23,34,2,0
0.4,question42,45,23,35,2,0
0.4,question43,46,23,35,2,0
0.4,question44,47,23,34,2,0
0.4,question45,48,23,35,2,0
0.4,question46,49,23,35,2,0
0.4,question47,50,23,34,2,0
0.4,question48,51,23,34,2,0
0.4,question49,52,23,35,2,0
0.4,question50,53,23,34,2,0
0.4,question51,54,23,35,2,0
0.4,question8,15,1,26,2,0
0.4,sector-categories,11,19,25,6,1
0.5,about-algorithm1,19,1,1,2,3
0.5,about-algorithm2,20,1,1,2,3
0.5,business1,10,27,41,6,1
0.5,consultation-design1,49,1,15,2,1
0.5,consultation-design2-NS,50,28,42,7,0
0.5,consultation-design3,51,1,15,2,1
0.5,consultation-design4-NS,52,29,43,3,0
0.5,consultation-implementation1,53,1,15,2,1
0.5,consultation-implementation2-NS,54,28,42,7,0
0.5,consultation-implementation3,55,1,15,2,1
0.5,consultation-implementation4-NS,56,29,43,3,0
0.5,department-NS,3,DEPARTMENTS,,101,0
0.5,discretion,25,1,2,2,4
0.5,mitigation-makePublic,58,1,9,2,0
0.5,project-authority1,16,1,3,2,2
0.5,project-phase,8,30,44,2,0
0.5,question1,67,1,45,2,0
0.5,question10,91,1,46,2,0
0.5,question11,92,1,46,2,0
0.5,question12,93,1,45,2,0
0.5,question14,33,20,27,4,0
0.5,question16,35,20,27,4,0
0.5,question18,37,20,27,4,0
0.5,question2,69,1,46,2,0
0.5,question20,28,16,28,4,0
0.5,question21,29,17,39,4,0
0.5,question22,31,20,27,4,0
0.5,question24,39,1,26,2,0
0.5,question25,40,2,30,5,0
0.5,question26,41,3,31,4,0
0.5,question27,42,1,26,2,0
0.5,question28,43,1,26,2,0
0.5,question29,44,1,26,2,0
0.5,question3,71,1,46,2,0
0.5,question30,45,4,32,4,0
0.5,question31,46,4,32,4,0
0.5,question32,47,1,9,2,0
0.5,question33,48,22,40,2,4
0.5,question35,59,1,46,2,0
0.5,question36,61,1,46,2,0
0.5,question37,63,1,45,2,0
0.5,question38,64,1,45,2,0
0.5,question39,66,1,45,2,0
0.5,question4,73,1,45,2,0
0.5,question40,77,1,45,2,0
0.5,question41,78,1,45,2,0
0.5,question42,79,1,46,2,0
0.5,question43,80,1,46,2,0
0.5,question44,81,1,45,2,0
0.5,question45,82,1,46,2,0
0.5,question46,83,1,46,2,0
0.5,question47,84,1,45,2,0
0.5,question48,85,1,45,2,0
0.5,question49,86,1,46,2,0
0.5,question5,74,1,45,2,0
0.5,question50,87,1,45,2,0
0.5,question51,88,1,46,2,0
0.5,question52,94,1,46,2,0
0.5,question53,95,1,46,2,0
0.5,question54,96,1,45,2,0
0.5,question55,97,1,45,2,0
0.5,question56,98,1,46,2,0
0.5,question57,99,1,45,2,0
0.5,question58,100,1,46,2,0
0.5,question59,60,1,9,2,0
0.5,question6,76,1,45,2,0
0.5,question60,62,1,9,2,0
0.5,question61,65,1,9,2,0
0.5,question62,68,1,9,2,0
0.5,question63,70,1,9,2,0
0.5,question64,72,1,9,2,0
0.5,question65,75,1,9,2,0
0.5,question66,23,1,15,2,1
0.5,question67,24,1,1,2,3
0.5,question7,89,1,45,2,0
0.5,question8,27,1,26,2,0
0.5,question9,90,1,45,2,0
0.5,risk-profile1,12,1,1,2,3
0.5,risk-profile2,13,1,1,2,3
0.5,risk-profile3,14,1,2,2,4
0.5,risk-profile4,15,1,1,2,3
0.5,rm-data-qual1,57,1,45,2,0
0.5,sector-categories,21,31,47,6,1
0.5,system1,17,26,38,6,1
0.6,aboutAlgorithm1,19,1,1,2,3
0.6,aboutAlgorithm2,20,1,1,2,3
0.6,aboutDataSource1,39,1,2,2,4
0.6,aboutDataSource2,40,2,5,5,4
0.6,aboutDataSource3,41,3,6,4,3
0.6,aboutDataSource4,42,1,2,2,4
0.6,aboutDataSource5,43,1,2,2,4
0.6,aboutDataSource6,44,1,2,2,4
0.6,aboutDataSource7,45,4,7,4,4
0.6,aboutDataSource8,46,4,7,4,4
0.6,aboutDataType1,47,1,9,2,0
0.6,aboutDataType2,48,22,40,2,4
0.6,aboutSystem1,17,26,38,6,1
0.6,businessDrivers1,10,27,48,6,0
0.6,consultationDesign1,49,1,15,2,1
0.6,consultationDesign2-NS,50,28,42,7,0
0.6,consultationDesign3,51,1,15,2,1
0.6,consultationDesign4-NS,52,29,43,3,0
0.6,consultationImplementation1,53,1,15,2,1
0.6,consultationImplementation2-NS,54,28,42,7,0
0.6,consultationImplementation3,55,1,15,2,1
0.6,consultationImplementation4-NS,56,29,43,3,0
0.6,dataQualityDesign1,57,1,3,2,2
0.6,dataQualityDesign10,66,1,45,2,0
0.6,dataQualityDesign2,58,1,15,2,1
0.6,dataQualityDesign3,59,1,15,2,1
0.6,dataQualityDesign4,60,1,15,2,1
0.6,dataQualityDesign5,61,1,46,2,0
0.6,dataQualityDesign6,62,1,15,2,1
0.6,dataQualityDesign7,63,1,3,2,2
0.6,dataQualityDesign8,64,1,45,2,0
0.6,dataQualityDesign9,65,1,15,2,1
0.6,dataQualityImplementation1,67,1,3,2,2
0.6,dataQualityImplementation10,76,1,3,2,2
0.6,dataQualityImplementation2,68,1,9,2,0
0.6,dataQualityImplementation3,69,1,15,2,1
0.6,dataQualityImplementation4,70,1,9,2,0
0.6,dataQualityImplementation5,71,1,15,2,1
0.6,dataQualityImplementation6,72,1,9,2,0
0.6,dataQualityImplementation7,73,1,3,2,2
0.6,dataQualityImplementation8,74,1,3,2,2
0.6,dataQualityImplementation9,75,1,9,2,0
0.6,decisionSector1,21,31,47,6,1
0.6,fairnessDesign1,77,1,3,2,2
0.6,fairnessDesign10,86,1,15,2,1
0.6,fairnessDesign11,87,1,3,2,2
0.6,fairnessDesign12,88,1,15,2,1
0.6,fairnessDesign2,78,1,3,2,2
0.6,fairnessDesign3,79,1,15,2,1
0.6,fairnessDesign4,80,1,15,2,1
0.6,fairnessDesign5,81,1,3,2,2
0.6,fairnessDesign6,82,1,15,2,1
0.6,fairnessDesign7,83,1,15,2,1
0.6,fairnessDesign8,84,1,3,2,2
0.6,fairnessDesign9,85,1,3,2,2
0.6,fairnessImplementation1,89,1,3,2,2
0.6,fairnessImplementation10,98,1,15,2,1
0.6,fairnessImplementation11,99,1,3,2,2
0.6,fairnessImplementation12,100,1,15,2,1
0.6,fairnessImplementation2,90,1,3,2,2
0.6,fairnessImplementation3,91,1,15,2,1
0.6,fairnessImplementation4,92,1,15,2,1
0.6,fairnessImplementation5,93,1,3,2,2
0.6,fairnessImplementation6,94,1,15,2,1
0.6,fairnessImplementation7,95,1,15,2,1
0.6,fairnessImplementation8,96,1,3,2,2
0.6,fairnessImplementation9,97,1,3,2,2
0.6,impact1,23,1,15,2,1
0.6,impact11,33,20,49,4,4
0.6,impact13,35,20,49,4,4
0.6,impact15,37,20,49,4,4
0.6,impact2,24,1,1,2,3
0.6,impact3,25,1,2,2,4
0.6,impact5,27,1,2,2,4
0.6,impact6,28,16,22,4,4
0.6,impact7,29,17,23,4,4
0.6,impact9,31,20,50,4,2
0.6,privacyDesign1,101,1,15,2,1
0.6,privacyDesign2,102,1,15,2,1
0.6,privacyImplementation1,103,1,15,2,1
0.6,privacyImplementation2,104,1,15,2,1
0.6,projectAuthority1,16,1,3,2,2
0.6,projectDetailsDepartment-NS,3,DEPARTMENTS,,101,0
0.6,projectDetailsPhase,8,30,44,2,0
0.6,riskProfile1,12,1,1,2,3
0.6,riskProfile2,13,1,1,2,3
0.6,riskProfile3,14,1,2,2,4
0.6,riskProfile4,15,1,1,2,3
0.8a1,aboutAlgorithm1,19,1,1,2,3
0.8a1,aboutAlgorithm2,20,1,1,2,3
0.8a1,aboutDataSource1,39,1,2,2,4
0.8a1,aboutDataSource2,40,2,5,5,4
0.8a1,aboutDataSource3,41,3,6,4,3
0.8a1,aboutDataSource4,42,1,2,2,4
0.8a1,aboutDataSource5,43,1,2,2,4
0.8a1,aboutDataSource6,44,1,2,2,4
0.8a1,aboutDataSource7,45,4,7,4,4
0.8a1,aboutDataSource8,46,4,7,4,4
0.8a1,aboutDataType1,47,1,9,2,0
0.8a1,aboutDataType2,48,22,40,2,4
0.8a1,aboutSystem1,17,26,38,6,1
0.8a1,businessDrivers1,10,27,48,6,0
0.8a1,consultationDesign1,49,1,15,2,1
0.8a1,consultationDesign2-NS,50,28,42,7,0
0.8a1,consultationDesign3,51,1,15,2,1
0.8a1,consultationDesign4-NS,52,29,43,3,0
0.8a1,consultationImplementation1,53,1,15,2,1
0.8a1,consultationImplementation2-NS,54,28,42,7,0
0.8a1,consultationImplementation3,55,1,15,2,1
0.8a1,consultationImplementation4-NS,56,29,43,3,0
0.8a1,dataQualityDesign1,57,1,3,2,2
0.8a1,dataQualityDesign10,66,1,3,2,2
0.8a1,dataQualityDesign2,58,1,15,2,1
0.8a1,dataQualityDesign3,59,1,15,2,1
0.8a1,dataQualityDesign4,60,1,15,2,1
0.8a1,dataQualityDesign5,61,1,15,2,1
0.8a1,dataQualityDesign6,62,1,15,2,1
0.8a1,dataQualityDesign7,63,1,3,2,2
0.8a1,dataQualityDesign8,64,1,3,2,2
0.8a1,dataQualityDesign9,65,1,15,2,1
0.8a1,dataQualityImplementation1,67,1,3,2,2
0.8a1,dataQualityImplementation10,76,1,3,2,2
0.8a1,dataQualityImplementation2,68,1,15,2,1
0.8a1,dataQualityImplementation3,69,1,15,2,1
0.8a1,dataQualityImplementation4,70,1,15,2,1
0.8a1,dataQualityImplementation5,71,1,15,2,1
0.8a1,dataQualityImplementation6,72,1,15,2,1
0.8a1,dataQualityImplementation7,73,1,3,2,2
0.8a1,dataQualityImplementation8,74,1,3,2,2
0.8a1,dataQualityImplementation9,75,1,15,2,1
0.8a1,decisionSector1,21,31,47,6,1
0.8a1,fairnessDesign1,77,1,15,2,1
0.8a1,fairnessDesign10,86,1,3,2,2
0.8a1,fairnessDesign11,87,1,15,2,1
0.8a1,fairnessDesign12,88,1,15,2,1
0.8a1,fairnessDesign13,89,1,3,2,2
0.8a1,fairnessDesign14,90,1,3,2,2
0.8a1,fairnessDesign15,91,1,15,2,1
0.8a1,fairnessDesign16,92,1,3,2,2
0.8a1,fairnessDesign17,93,1,15,2,1
0.8a1,fairnessDesign2,78,1,3,2,2
0.8a1,fairnessDesign3,79,1,3,2,2
0.8a1,fairnessDesign4,80,1,15,2,1
0.8a1,fairnessDesign5,81,1,3,2,2
0.8a1,fairnessDesign6,82,1,15,2,1
0.8a1,fairnessDesign7,83,1,15,2,1
0.8a1,fairnessDesign8,84,1,3,2,2
0.8a1,fairnessDesign9,85,1,15,2,1
0.8a1,fairnessImplementation1,94,1,15,2,1
0.8a1,fairnessImplementation10,103,1,3,2,2
0.8a1,fairnessImplementation11,104,1,15,2,1
0.8a1,fairnessImplementation12,105,1,15,2,1
0.8a1,fairnessImplementation13,106,1,3,2,2
0.8a1,fairnessImplementation14,107,1,3,2,2
0.8a1,fairnessImplementation15,108,1,15,2,1
0.8a1,fairnessImplementation16,109,1,3,2,2
0.8a1,fairnessImplementation17,110,1,15,2,1
0.8a1,fairnessImplementation2,95,1,3,2,2
0.8a1,fairnessImplementation3,96,1,3,2,2
0.8a1,fairnessImplementation4,97,1,15,2,1
0.8a1,fairnessImplementation5,98,1,3,2,2
0.8a1,fairnessImplementation6,99,1,15,2,1
0.8a1,fairnessImplementation7,100,1,15,2,1
0.8a1,fairnessImplementation8,101,1,3,2,2
0.8a1,fairnessImplementation9,102,1,15,2,1
0.8a1,impact1,23,1,15,2,1
0.8a1,impact11,33,20,49,4,4
0.8a1,impact13,35,20,49,4,4
0.8a1,impact15,37,20,49,4,4
0.8a1,impact2,24,1,1,2,3
0.8a1,impact3,25,1,2,2,4
0.8a1,impact5,27,1,2,2,4
0.8a1,impact6,28,16,22,4,4
0.8a1,impact7,29,17,23,4,4
0.8a1,impact9,31,20,50,4,2
0.8a1,privacyDesign1,111,1,15,2,1
0.8a1,privacyDesign2,112,1,15,2,1
0.8a1,privacyImplementation1,113,1,15,2,1
0.8a1,privacyImplementation2,114,1,15,2,1
0.8a1,projectAuthority1,16,1,3,2,2
0.8a1,projectDetailsDepartment-NS,3,DEPARTMENTS,,101,0
0.8a1,projectDetailsPhase,8,30,44,2,0
0.8a1,riskProfile1,12,1,1,2,3
0.8a1,riskProfile2,13,1,1,2,3
0.8a1,riskProfile3,14,1,2,2,4
0.8a1,riskProfile4,15,1,1,2,3
0.9,aboutAlgorithm1,19,1,1,2,3
0.9,aboutAlgorithm2,20,1,1,2,3
0.9,aboutDataSource1,39,1,2,2,4
0.9,aboutDataSource10,41,1,3,2,2
0.9,aboutDataSource11,42,1,4,2,1
0.9,aboutDataSource2,43,2,5,5,4
0.9,aboutDataSource3,44,3,6,4,3
0.9,aboutDataSource4,45,1,2,2,4
0.9,aboutDataSource5,46,1,2,2,4
0.9,aboutDataSource6,47,1,2,2,4
0.9,aboutDataSource7,48,4,7,4,4
0.9,aboutDataSource8,49,4,7,4,4
0.9,aboutDataSource9,40,1,8,2,4
0.9,aboutDataType1,50,1,9,2,0
0.9,aboutDataType2,51,5,10,2,4
0.9,aboutSystem1,17,6,51,6,1
0.9,businessDrivers1,10,27,48,6,0
0.9,consultationDesign1,52,1,15,2,1
0.9,consultationDesign2,53,32,52,8,0
0.9,consultationDesign3,55,1,15,2,1
0.9,consultationDesign4,56,33,53,5,0
0.9,consultationImplementation1,58,1,15,2,1
0.9,consultationImplementation2,59,34,54,8,0
0.9,consultationImplementation3,61,1,15,2,1
0.9,consultationImplementation4,62,33,53,5,0
0.9,dataQualityDesign1,64,1,3,2,2
0.9,dataQualityDesign10,73,1,3,2,2
0.9,dataQualityDesign2,65,1,15,2,1
0.9,dataQualityDesign3,66,1,15,2,1
0.9,dataQualityDesign4,67,1,15,2,1
0.9,dataQualityDesign5,68,1,15,2,1
0.9,dataQualityDesign6,69,1,15,2,1
0.9,dataQualityDesign7,70,1,3,2,2
0.9,dataQualityDesign8,71,1,3,2,2
0.9,dataQualityDesign9,72,1,15,2,1
0.9,dataQualityImplementation1,74,1,3,2,2
0.9,dataQualityImplementation10,83,1,3,2,2
0.9,dataQualityImplementation2,75,1,15,2,1
0.9,dataQualityImplementation3,76,1,15,2,1
0.9,dataQualityImplementation4,77,1,15,2,1
0.9,dataQualityImplementation5,78,1,15,2,1
0.9,dataQualityImplementation6,79,1,15,2,1
0.9,dataQualityImplementation7,80,1,3,2,2
0.9,dataQualityImplementation8,81,1,3,2,2
0.9,dataQualityImplementation9,82,1,15,2,1
0.9,decisionSector1,21,31,47,6,1
0.9,fairnessDesign1,84,1,15,2,1
0.9,fairnessDesign10,93,1,3,2,2
0.9,fairnessDesign11,94,1,15,2,1
0.9,fairnessDesign12,95,1,15,2,1
0.9,fairnessDesign13,96,1,3,2,2
0.9,fairnessDesign14,97,1,3,2,2
0.9,fairnessDesign15,98,1,15,2,1
0.9,fairnessDesign16,99,1,3,2,2
0.9,fairnessDesign17,100,1,15,2,1
0.9,fairnessDesign2,85,1,3,2,2
0.9,fairnessDesign3,86,1,3,2,2
0.9,fairnessDesign4,87,1,15,2,1
0.9,fairnessDesign5,88,1,3,2,2
0.9,fairnessDesign6,89,1,15,2,1
0.9,fairnessDesign7,90,1,15,2,1
0.9,fairnessDesign8,91,1,3,2,2
0.9,fairnessDesign9,92,1,15,2,1
0.9,fairnessImplementation1,101,1,15,2,1
0.9,fairnessImplementation10,110,1,3,2,2
0.9,fairnessImplementation11,111,1,15,2,1
0.9,fairnessImplementation12,112,1,15,2,1
0.9,fairnessImplementation13,113,1,3,2,2
0.9,fairnessImplementation14,114,1,3,2,2
0.9,fairnessImplementation15,115,1,15,2,1
0.9,fairnessImplementation16,116,1,3,2,2
0.9,fairnessImplementation17,117,1,15,2,1
0.9,fairnessImplementation2,102,1,3,2,2
0.9,fairnessImplementation3,103,1,3,2,2
0.9,fairnessImplementation4,104,1,15,2,1
0.9,fairnessImplementation5,105,1,3,2,2
0.9,fairnessImplementation6,106,1,15,2,1
0.9,fairnessImplementation7,107,1,15,2,1
0.9,fairnessImplementation8,108,1,3,2,2
0.9,fairnessImplementation9,109,1,15,2,1
0.9,impact1,23,1,15,2,1
0.9,impact11,33,14,20,4,4
0.9,impact13,35,14,20,4,4
0.9,impact15,37,14,20,4,4
0.9,impact2,24,1,1,2,3
0.9,impact3,25,1,2,2,4
0.9,impact5,27,1,2,2,4
0.9,impact6,28,16,22,4,4
0.9,impact7,29,17,23,4,4
0.9,impact9,31,14,20,4,4
0.9,privacyDesign1,118,1,15,2,1
0.9,privacyDesign2,119,1,15,2,1
0.9,privacyDesign3,120,1,15,2,1
0.9,privacyDesign4,121,1,15,2,1
0.9,privacyImplementation1,122,1,15,2,1
0.9,privacyImplementation2,123,1,15,2,1
0.9,privacyImplementation3,124,1,15,2,1
0.9,privacyImplementation4,125,1,15,2,1
0.9,projectAuthority1,16,1,3,2,2
0.9,projectDetailsDepartment-NS,3,DEPARTMENTS,,101,0
0.9,projectDetailsPhase,8,35,55,2,0
0.9,riskProfile1,12,1,1,2,3
0.9,riskProfile2,13,1,1,2,3
0.9,riskProfile3,14,1,2,2,4
0.9,riskProfile4,15,1,1,2,3
0.9.1,aboutAlgorithm1,19,1,1,2,3
0.9.1,aboutAlgorithm2,20,1,1,2,3
0.9.1,aboutDataSource1,39,1,2,2,4
0.9.1,aboutDataSource10,41,1,3,2,2
0.9.1,aboutDataSource11,42,1,4,2,1
0.9.1,aboutDataSource2,43,2,5,5,4
0.9.1,aboutDataSource3,44,3,6,4,3
0.9.1,aboutDataSource4,45,1,2,2,4
0.9.1,aboutDataSource5,46,1,2,2,4
0.9.1,aboutDataSource6,47,1,2,2,4
0.9.1,aboutDataSource7,48,4,7,4,4
0.9.1,aboutDataSource8,49,4,7,4,4
0.9.1,aboutDataSource9,40,1,8,2,4
0.9.1,aboutDataType1,50,1,9,2,0
0.9.1,aboutDataType2,51,5,10,2,4
0.9.1,aboutSystem1,17,6,11,6,0
0.9.1,businessDrivers1,10,7,12,6,0
0.9.1,consultationDesign1,52,1,15,2,1
0.9.1,consultationDesign2,53,32,52,8,0
0.9.1,consultationDesign3,55,1,15,2,1
0.9.1,consultationDesign4,56,33,53,5,0
0.9.1,consultationImplementation1,58,1,15,2,1
0.9.1,consultationImplementation2,59,34,54,8,0
0.9.1,consultationImplementation3,61,1,15,2,1
0.9.1,consultationImplementation4,62,33,53,5,0
0.9.1,dataQualityDesign1,64,1,3,2,2
0.9.1,dataQualityDesign10,73,1,3,2,2
0.9.1,dataQualityDesign2,65,1,15,2,1
0.9.1,dataQualityDesign3,66,1,15,2,1
0.9.1,dataQualityDesign4,67,1,15,2,1
0.9.1,dataQualityDesign5,68,1,15,2,1
0.9.1,dataQualityDesign6,69,1,15,2,1
0.9.1,dataQualityDesign7,70,1,3,2,2
0.9.1,dataQualityDesign8,71,1,3,2,2
0.9.1,dataQualityDesign9,72,1,15,2,1
0.9.1,dataQualityImplementation1,74,1,3,2,2
0.9.1,dataQualityImplementation10,83,1,3,2,2
0.9.1,dataQualityImplementation2,75,1,15,2,1
0.9.1,dataQualityImplementation3,76,1,15,2,1
0.9.1,dataQualityImplementation4,77,1,15,2,1
0.9.1,dataQualityImplementation5,78,1,15,2,1
0.9.1,dataQualityImplementation6,79,1,15,2,1
0.9.1,dataQualityImplementation7,80,1,3,2,2
0.9.1,dataQualityImplementation8,81,1,3,2,2
0.9.1,dataQualityImplementation9,82,1,15,2,1
0.9.1,decisionSector1,21,31,47,6,1
0.9.1,fairnessDesign1,84,1,15,2,1
0.9.1,fairnessDesign10,93,1,3,2,2
0.9.1,fairnessDesign11,94,1,15,2,1
0.9.1,fairnessDesign12,95,1,15,2,1
0.9.1,fairnessDesign13,96,1,3,2,2
0.9.1,fairnessDesign14,97,1,3,2,2
0.9.1,fairnessDesign15,98,1,15,2,1
0.9.1,fairnessDesign16,99,1,3,2,2
0.9.1,fairnessDesign17,100,1,15,2,1
0.9.1,fairnessDesign2,85,1,3,2,2
0.9.1,fairnessDesign3,86,1,3,2,2
0.9.1,fairnessDesign4,87,1,15,2,1
0.9.1,fairnessDesign5,88,1,3,2,2
0.9.1,fairnessDesign6,89,1,15,2,1
0.9.1,fairnessDesign7,90,1,15,2,1
0.9.1,fairnessDesign8,91,1,3,2,2
0.9.1,fairnessDesign9,92,1,15,2,1
0.9.1,fairnessImplementation1,101,1,15,2,1
0.9.1,fairnessImplementation10,110,1,3,2,2
0.9.1,fairnessImplementation11,111,1,15,2,1
0.9.1,fairnessImplementation12,112,1,15,2,1
0.9.1,fairnessImplementation13,113,1,3,2,2
0.9.1,fairnessImplementation14,114,1,3,2,2
0.9.1,fairnessImplementation15,115,1,15,2,1
0.9.1,fairnessImplementation16,116,1,3,2,2
0.9.1,fairnessImplementation17,117,1,15,2,1
0.9.1,fairnessImplementation2,102,1,3,2,2
0.9.1,fairnessImplementation3,103,1,3,2,2
0.9.1,fairnessImplementation4,104,1,15,2,1
0.9.1,fairnessImplementation5,105,1,3,2,2
0.9.1,fairnessImplementation6,106,1,15,2,1
0.9.1,fairnessImplementation7,107,1,15,2,1
0.9.1,fairnessImplementation8,108,1,3,2,2
0.9.1,fairnessImplementation9,109,1,15,2,1
0.9.1,impact1,23,1,15,2,1
0.9.1,impact11,33,14,20,4,4
0.9.1,impact13,35,14,20,4,4
0.9.1,impact15,37,14,20,4,4
0.9.1,impact2,24,1,1,2,3
0.9.1,impact3,25,1,2,2,4
0.9.1,impact5,27,1,2,2,4
0.9.1,impact6,28,16,22,4,4
0.9.1,impact7,29,17,23,4,4
0.9.1,impact9,31,14,20,4,4
0.9.1,privacyDesign1,118,1,15,2,1
0.9.1,privacyDesign2,119,1,15,2,1
0.9.1,privacyDesign3,120,1,15,2,1
0.9.1,privacyDesign4,121,1,15,2,1
0.9.1,privacyImplementation1,122,1,15,2,1
0.9.1,privacyImplementation2,123,1,15,2,1
0.9.1,privacyImplementation3,124,1,15,2,1
0.9.1,privacyImplementation4,125,1,15,2,1
0.9.1,projectAuthority1,16,1,3,2,2
0.9.1,projectDetailsDepartment-NS,3,DEPARTMENTS,,101,0
0.9.1,projectDetailsPhase,8,35,55,2,0
0.9.1,riskProfile1,12,1,1,2,3
0.9.1,riskProfile2,13,1,1,2,3
0.9.1,riskProfile3,14,1,2,2,4
0.9.1,riskProfile4,15,1,1,2,3
1.0.0,aboutAlgorithm1,66,1,15,2,1
1.0.0,aboutAlgorithm11,77,1,56,2,2
1.0.0,aboutAlgorithm2,67,1,1,2,3
1.0.0,aboutAlgorithm3,68,36,57,2,1
1.0.0,aboutAlgorithm4,69,37,58,2,1
1.0.0,aboutAlgorithm5,70,38,59,2,1
1.0.0,aboutAlgorithm8,73,1,1,2,3
1.0.0,aboutAlgorithm8A,74,1,4,2,1
1.0.0,aboutAlgorithm9,75,1,3,2,2
1.0.0,aboutDataSource1,122,1,3,2,2
1.0.0,aboutDataSource10,124,1,3,2,2
1.0.0,aboutDataSource11,125,1,4,2,1
1.0.0,aboutDataSource14,127,39,60,6,3
1.0.0,aboutDataSource15,129,40,61,3,2
1.0.0,aboutDataSource16,133,40,62,3,2
1.0.0,aboutDataSource17,139,41,63,3,2
1.0.0,aboutDataSource2,137,42,64,8,4
1.0.0,aboutDataSource3,143,43,65,3,3
1.0.0,aboutDataSource4,144,1,3,2,2
1.0.0,aboutDataSource5,145,1,2,2,4
1.0.0,aboutDataSource6,146,1,2,2,4
1.0.0,aboutDataSource7,147,4,7,4,4
1.0.0,aboutDataSource8,148,4,7,4,4
1.0.0,aboutDataSource9,123,1,56,2,2
1.0.0,aboutDataSourceType1,150,1,66,2,0
1.0.0,aboutDataSourceType2,151,5,10,2,4
1.0.0,aboutDataSourceType3,152,1,66,2,0
1.0.0,aboutSystem1,44,44,67,6,0
1.0.0,aboutSystem10A,63,1,56,2,2
1.0.0,aboutSystem11,64,45,68,4,4
1.0.0,aboutSystem3,46,46,69,4,1
1.0.0,aboutSystem4,50,46,69,4,1
1.0.0,aboutSystem5,54,47,70,3,2
1.0.0,aboutSystem5B,56,1,66,2,0
1.0.0,aboutSystem6,58,1,56,2,2
1.0.0,aboutSystem7,59,1,56,2,2
1.0.0,aboutSystem8,60,1,4,2,1
1.0.0,aboutSystem9,62,1,56,2,2
1.0.0,businessDrivers1,14,48,71,6,0
1.0.0,businessDrivers11,28,49,72,6,2
1.0.0,businessDrivers5,18,9,14,3,2
1.0.0,businessDrivers9,26,1,4,2,1
1.0.0,consultationDesign1,154,1,3,2,2
1.0.0,consultationDesign2,155,50,73,16,0
1.0.0,consultationDesign3,157,1,3,2,2
1.0.0,consultationDesign4,158,51,74,11,0
1.0.0,consultationDesign6,161,52,75,3,3
1.0.0,consultationDesign7,164,52,75,3,3
1.0.0,consultationDesign8,167,53,76,9,0
1.0.0,consultationImplementation1,170,1,3,2,2
1.0.0,consultationImplementation2,171,54,77,16,0
1.0.0,consultationImplementation3,173,1,3,2,2
1.0.0,consultationImplementation4,174,51,74,11,0
1.0.0,consultationImplementation6,177,52,75,3,3
1.0.0,consultationImplementation7,180,52,75,3,3
1.0.0,consultationImplementation8,183,53,76,9,0
1.0.0,dataQualityDesign1,186,1,1,2,3
1.0.0,dataQualityDesign10,199,1,3,2,2
1.0.0,dataQualityDesign2,187,1,15,2,1
1.0.0,dataQualityDesign3,189,1,15,2,1
1.0.0,dataQualityDesign4,190,1,15,2,1
1.0.0,dataQualityDesign5,192,41,78,3,2
1.0.0,dataQualityDesign7,194,1,15,2,1
1.0.0,dataQualityDesign8,196,1,3,2,2
1.0.0,dataQualityDesign9,197,1,15,2,1
1.0.0,dataQualityImplementation1,200,1,1,2,3
1.0.0,dataQualityImplementation10,213,1,3,2,2
1.0.0,dataQualityImplementation2,201,1,15,2,1
1.0.0,dataQualityImplementation3,203,1,15,2,1
1.0.0,dataQualityImplementation4,204,1,15,2,1
1.0.0,dataQualityImplementation5,206,41,78,3,2
1.0.0,dataQualityImplementation7,208,1,15,2,1
1.0.0,dataQualityImplementation8,210,1,3,2,2
1.0.0,dataQualityImplementation9,211,1,15,2,1
1.0.0,decisionSector1,81,55,79,8,1
1.0.0,fairnessDesign1,214,1,15,2,1
1.0.0,fairnessDesign10,221,1,3,2,2
1.0.0,fairnessDesign12,224,1,3,2,2
1.0.0,fairnessDesign13,227,1,3,2,2
1.0.0,fairnessDesign16,229,1,3,2,2
1.0.0,fairnessDesign17,230,41,80,3,2
1.0.0,fairnessDesign18,231,1,3,2,2
1.0.0,fairnessDesign19,233,1,3,2,2
1.0.0,fairnessDesign1A,215,1,15,2,1
1.0.0,fairnessDesign2,216,1,3,2,2
1.0.0,fairnessDesign20,234,1,3,2,2
1.0.0,fairnessDesign21,235,56,81,5,1
1.0.0,fairnessDesign22,237,1,3,2,2
1.0.0,fairnessDesign22A,238,1,3,2,2
1.0.0,fairnessDesign23,239,1,3,2,2
1.0.0,fairnessDesign24,240,1,3,2,2
1.0.0,fairnessDesign24A,241,1,15,2,1
1.0.0,fairnessDesign3,217,1,3,2,2
1.0.0,fairnessDesign4,218,1,3,2,2
1.0.0,fairnessDesign5,219,1,3,2,2
1.0.0,fairnessDesign7,220,1,15,2,1
1.0.0,fairnessDesign8,222,1,3,2,2
1.0.0,fairnessDesign9,223,1,15,2,1
1.0.0,fairnessImplementation1,244,1,15,2,1
1.0.0,fairnessImplementation10,251,1,3,2,2
1.0.0,fairnessImplementation12,254,1,3,2,2
1.0.0,fairnessImplementation13,257,1,3,2,2
1.0.0,fairnessImplementation16,259,1,3,2,2
1.0.0,fairnessImplementation17,260,41,80,3,2
1.0.0,fairnessImplementation18,261,1,3,2,2
1.0.0,fairnessImplementation19,263,1,3,2,2
1.0.0,fairnessImplementation1A,245,1,15,2,1
1.0.0,fairnessImplementation2,246,1,3,2,2
1.0.0,fairnessImplementation20,264,1,3,2,2
1.0.0,fairnessImplementation21,265,56,81,5,1
1.0.0,fairnessImplementation22,267,1,3,2,2
1.0.0,fairnessImplementation22A,268,1,3,2,2
1.0.0,fairnessImplementation23,269,1,3,2,2
1.0.0,fairnessImplementation24,270,1,3,2,2
1.0.0,fairnessImplementation24A,271,1,15,2,1
1.0.0,fairnessImplementation3,247,1,3,2,2
1.0.0,fairnessImplementation4,248,1,3,2,2
1.0.0,fairnessImplementation5,249,1,3,2,2
1.0.0,fairnessImplementation7,250,1,15,2,1
1.0.0,fairnessImplementation8,252,1,3,2,2
1.0.0,fairnessImplementation9,253,1,15,2,1
1.0.0,impact11,100,14,20,4,4
1.0.0,impact13,102,14,20,4,4
1.0.0,impact15,104,14,20,4,4
1.0.0,impact18,106,57,82,6,3
1.0.0,impact19I,110,1,4,2,1
1.0.0,impact22,90,1,3,2,2
1.0.0,impact23,113,1,15,2,1
1.0.0,impact24,98,14,20,4,4
1.0.0,impact26,116,58,83,6,0
1.0.0,impact27,118,1,15,2,1
1.0.0,impact28,120,45,68,4,4
1.0.0,impact3,85,1,2,2,4
1.0.0,impact30,83,59,84,2,4
1.0.0,impact4A,87,1,3,2,2
1.0.0,impact5,92,1,3,2,2
1.0.0,impact6,93,16,22,4,4
1.0.0,impact7,94,60,85,4,4
1.0.0,impact9,96,14,20,4,4
1.0.0,privacyDesign1,274,1,3,2,2
1.0.0,privacyDesign2,277,1,3,2,2
1.0.0,privacyDesign3,281,1,15,2,1
1.0.0,privacyDesign4,282,1,15,2,1
1.0.0,privacyDesign7,283,1,15,2,1
1.0.0,privacyDesign9,279,1,3,2,2
1.0.0,privacyImplementation1,285,1,3,2,2
1.0.0,privacyImplementation2,288,1,3,2,2
1.0.0,privacyImplementation3,292,1,15,2,1
1.0.0,privacyImplementation4,293,1,15,2,1
1.0.0,privacyImplementation7,294,1,15,2,1
1.0.0,privacyImplementation9,290,1,3,2,2
1.0.0,projectAuthority1,42,1,3,2,2
1.0.0,projectDetailsDepartment-NS,5,DEPARTMENTS,,101,0
1.0.0,projectDetailsPhase,12,18,24,2,0
1.0.0,riskProfile1,30,1,1,2,3
1.0.0,riskProfile10,41,1,66,2,0
1.0.0,riskProfile2,31,1,1,2,3
1.0.0,riskProfile3,33,1,15,2,1
1.0.0,riskProfile4,35,61,86,4,4
1.0.0,riskProfile7,37,1,1,2,3
1.0.0,riskProfile8,38,1,15,2,1
1.0.0,riskProfile9,40,1,66,2,0
1.0.1,aboutAlgorithm1,66,1,15,2,1
1.0.1,aboutAlgorithm11,77,1,56,2,2
1.0.1,aboutAlgorithm2,67,1,1,2,3
1.0.1,aboutAlgorithm3,68,36,57,2,1
1.0.1,aboutAlgorithm4,69,37,58,2,1
1.0.1,aboutAlgorithm5,70,38,59,2,1
1.0.1,aboutAlgorithm8,73,1,1,2,3
1.0.1,aboutAlgorithm8A,74,1,4,2,1
1.0.1,aboutAlgorithm9,75,1,3,2,2
1.0.1,aboutDataSource1,122,1,3,2,2
1.0.1,aboutDataSource10,124,1,3,2,2
1.0.1,aboutDataSource11,125,1,4,2,1
1.0.1,aboutDataSource14,127,39,60,6,3
1.0.1,aboutDataSource15,129,40,61,3,2
1.0.1,aboutDataSource16,133,40,62,3,2
1.0.1,aboutDataSource17,139,41,63,3,2
1.0.1,aboutDataSource2,137,42,64,8,4
1.0.1,aboutDataSource3,143,43,65,3,3
1.0.1,aboutDataSource4,144,1,3,2,2
1.0.1,aboutDataSource5,145,1,2,2,4
1.0.1,aboutDataSource6,146,1,2,2,4
1.0.1,aboutDataSource7,147,4,7,4,4
1.0.1,aboutDataSource8,148,4,7,4,4
1.0.1,aboutDataSource9,123,1,56,2,2
1.0.1,aboutDataSourceType1,150,1,66,2,0
1.0.1,aboutDataSourceType2,151,5,10,2,4
1.0.1,aboutDataSourceType3,152,1,66,2,0
1.0.1,aboutSystem1,44,44,67,6,0
1.0.1,aboutSystem10A,63,1,56,2,2
1.0.1,aboutSystem11,64,45,68,4,4
1.0.1,aboutSystem3,46,46,69,4,1
1.0.1,aboutSystem4,50,46,69,4,1
1.0.1,aboutSystem5,54,47,70,3,2
1.0.1,aboutSystem5B,56,1,66,2,0
1.0.1,aboutSystem6,58,1,56,2,2
1.0.1,aboutSystem7,59,1,56,2,2
1.0.1,aboutSystem8,60,1,4,2,1
1.0.1,aboutSystem9,62,1,56,2,2
1.0.1,businessDrivers1,14,48,71,6,0
1.0.1,businessDrivers11,28,49,72,6,2
1.0.1,businessDrivers5,18,9,14,3,2
1.0.1,businessDrivers9,26,1,4,2,1
1.0.1,consultationDesign1,154,1,3,2,2
1.0.1,consultationDesign2,155,50,73,16,0
1.0.1,consultationDesign3,157,1,3,2,2
1.0.1,consultationDesign4,158,51,74,11,0
1.0.1,consultationDesign6,161,52,75,3,3
1.0.1,consultationDesign7,164,52,75,3,3
1.0.1,consultationDesign8,167,53,76,9,0
1.0.1,consultationImplementation1,170,1,3,2,2
1.0.1,consultationImplementation2,171,54,77,16,0
1.0.1,consultationImplementation3,173,1,3,2,2
1.0.1,consultationImplementation4,174,51,74,11,0
1.0.1,consultationImplementation6,177,52,75,3,3
1.0.1,consultationImplementation7,180,52,75,3,3
1.0.1,consultationImplementation8,183,53,76,9,0
1.0.1,dataQualityDesign1,186,1,1,2,3
1.0.1,dataQualityDesign10,199,1,3,2,2
1.0.1,dataQualityDesign2,187,1,15,2,1
1.0.1,dataQualityDesign3,189,1,15,2,1
1.0.1,dataQualityDesign4,190,1,15,2,1
1.0.1,dataQualityDesign5,192,41,78,3,2
1.0.1,dataQualityDesign7,194,1,15,2,1
1.0.1,dataQualityDesign8,196,1,3,2,2
1.0.1,dataQualityDesign9,197,1,15,2,1
1.0.1,dataQualityImplementation1,200,1,1,2,3
1.0.1,dataQualityImplementation10,213,1,3,2,2
1.0.1,dataQualityImplementation2,201,1,15,2,1
1.0.1,dataQualityImplementation3,203,1,15,2,1
1.0.1,dataQualityImplementation4,204,1,15,2,1
1.0.1,dataQualityImplementation5,206,41,78,3,2
1.0.1,dataQualityImplementation7,208,1,15,2,1
1.0.1,dataQualityImplementation8,210,1,3,2,2
1.0.1,dataQualityImplementation9,211,1,15,2,1
1.0.1,decisionSector1,81,55,79,8,1
1.0.1,fairnessDesign1,214,1,15,2,1
1.0.1,fairnessDesign10,221,1,3,2,2
1.0.1,fairnessDesign12,224,1,3,2,2
1.0.1,fairnessDesign13,227,1,3,2,2
1.0.1,fairnessDesign16,229,1,3,2,2
1.0.1,fairnessDesign17,230,41,80,3,2
1.0.1,fairnessDesign18,231,1,3,2,2
1.0.1,fairnessDesign19,233,1,3,2,2
1.0.1,fairnessDesign1A,215,1,15,2,1
1.0.1,fairnessDesign2,216,1,3,2,2
1.0.1,fairnessDesign20,234,1,3,2,2
1.0.1,fairnessDesign21,235,56,81,5,1
1.0.1,fairnessDesign22,237,1,3,2,2
1.0.1,fairnessDesign22A,238,1,3,2,2
1.0.1,fairnessDesign23,239,1,3,2,2
1.0.1,fairnessDesign24,240,1,3,2,2
1.0.1,fairnessDesign24A,241,1,15,2,1
1.0.1,fairnessDesign3,217,1,3,2,2
1.0.1,fairnessDesign4,218,1,3,2,2
1.0.1,fairnessDesign5,219,1,3,2,2
1.0.1,fairnessDesign7,220,1,15,2,1
1.0.1,fairnessDesign8,222,1,3,2,2
1.0.1,fairnessDesign9,223,1,15,2,1
1.0.1,fairnessImplementation1,244,1,15,2,1
1.0.1,fairnessImplementation10,251,1,3,2,2
1.0.1,fairnessImplementation12,254,1,3,2,2
1.0.1,fairnessImplementation13,257,1,3,2,2
1.0.1,fairnessImplementation16,259,1,3,2,2
1.0.1,fairnessImplementation17,260,41,80,3,2
1.0.1,fairnessImplementation18,261,1,3,2,2
1.0.1,fairnessImplementation19,263,1,3,2,2
1.0.1,fairnessImplementation1A,245,1,15,2,1
1.0.1,fairnessImplementation2,246,1,3,2,2
1.0.1,fairnessImplementation20,264,1,3,2,2
1.0.1,fairnessImplementation21,265,56,81,5,1
1.0.1,fairnessImplementation22,267,1,3,2,2
1.0.1,fairnessImplementation22A,268,1,3,2,2
1.0.1,fairnessImplementation23,269,1,3,2,2
1.0.1,fairnessImplementation24,270,1,3,2,2
1.0.1,fairnessImplementation24A,271,1,15,2,1
1.0.1,fairnessImplementation3,247,1,3,2,2
1.0.1,fairnessImplementation4,248,1,3,2,2
1.0.1,fairnessImplementation5,249,1,3,2,2
1.0.1,fairnessImplementation7,250,1,15,2,1
1.0.1,fairnessImplementation8,252,1,3,2,2
1.0.1,fairnessImplementation9,253,1,15,2,1
1.0.1,impact11,100,14,20,4,4
1.0.1,impact13,102,14,20,4,4
1.0.1,impact15,104,14,20,4,4
1.0.1,impact18,106,57,82,6,3
1.0.1,impact19I,110,1,4,2,1
1.0.1,impact22,90,1,3,2,2
1.0.1,impact23,113,1,15,2,1
1.0.1,impact24,98,14,20,4,4
1.0.1,impact26,116,58,83,6,0
1.0.1,impact27,118,1,15,2,1
1.0.1,impact28,120,45,68,4,4
1.0.1,impact3,85,1,2,2,4
1.0.1,impact30,83,59,84,2,4
1.0.1,impact4A,87,1,3,2,2
1.0.1,impact5,92,1,3,2,2
1.0.1,impact6,93,16,22,4,4
1.0.1,impact7,94,60,85,4,4
1.0.1,impact9,96,14,20,4,4
1.0.1,privacyDesign1,274,1,3,2,2
1.0.1,privacyDesign2,277,1,3,2,2
1.0.1,privacyDesign3,281,1,15,2,1
1.0.1,privacyDesign4,282,1,15,2,1
1.0.1,privacyDesign7,283,1,15,2,1
1.0.1,privacyDesign9,279,1,3,2,2
1.0.1,privacyImplementation1,285,1,3,2,2
1.0.1,privacyImplementation2,288,1,3,2,2
1.0.1,privacyImplementation3,292,1,15,2,1
1.0.1,privacyImplementation4,293,1,15,2,1
1.0.1,privacyImplementation7,294,1,15,2,1
1.0.1,privacyImplementation9,290,1,3,2,2
1.0.1,projectAuthority1,42,1,3,2,2
1.0.1,projectDetailsDepartment-NS,5,DEPARTMENTS,,102,0
1.0.1,projectDetailsPhase,12,18,24,2,0
1.0.1,riskProfile1,30,1,1,2,3
1.0.1,riskProfile10,41,1,66,2,0
1.0.1,riskProfile2,31,1,1,2,3
1.0.1,riskProfile3,33,1,15,2,1
1.0.1,riskProfile4,35,61,86,4,4
1.0.1,riskProfile7,37,1,1,2,3
1.0.1,riskProfile8,38,1,15,2,1
1.0.1,riskProfile9,40,1,66,2,0
