catalog_version,field_name,question_uid
0.3,respondent,1
0.4,respondent,1
0.5,respondent,1
0.6,projectDetailsRespondent,1
0.8a1,projectDetailsRespondent,1
0.9,projectDetailsRespondent,1
0.9.1,projectDetailsRespondent,1
0.10.0,projectDetailsRespondent,1
1.0.0,projectDetailsRespondent,1
1.0.1,projectDetailsRespondent,1
0.3,title,2
0.4,title,2
0.5,title,2
0.6,projectDetailsJob,2
0.8a1,projectDetailsJob,2
0.9,projectDetailsJob,2
0.9.1,projectDetailsJob,2
0.10.0,projectDetailsJob,2
1.0.0,projectDetailsJob,2
1.0.1,projectDetailsJob,2
0.3,department,3
0.4,department-NS,3
0.5,department-NS,3
0.6,projectDetailsDepartment-NS,3
0.8a1,projectDetailsDepartment-NS,3
0.9,projectDetailsDepartment-NS,3
0.9.1,projectDetailsDepartment-NS,3
0.10.0,projectDetailsDepartment-NS,3
1.0.0,projectDetailsDepartment-NS,3
1.0.1,projectDetailsDepartment-NS,3
0.3,branch,4
0.4,branch,4
0.5,branch,4
0.6,projectDetailsBranch,4
0.8a1,projectDetailsBranch,4
0.9,projectDetailsBranch,4
0.9.1,projectDetailsBranch,4
0.10.0,projectDetailsBranch,4
1.0.0,projectDetailsBranch,4
1.0.1,projectDetailsBranch,4
0.3,project-title,5
0.4,project-title,5
0.5,project-title,5
0.6,projectDetailsTitle,5
0.8a1,projectDetailsTitle,5
0.9,projectDetailsTitle,5
0.9.1,projectDetailsTitle,5
0.10.0,projectDetailsTitle,5
1.0.0,projectDetailsTitle,5
1.0.1,projectDetailsTitle,5
0.3,description,6
0.4,description,6
0.5,description,6
0.6,projectDetailsDescription,6
0.8a1,projectDetailsDescription,6
0.9,projectDetailsDescription,6
0.9.1,projectDetailsDescription,6
0.10.0,projectDetailsDescription,6
1.0.0,projectDetailsDescription,6
1.0.1,projectDetailsDescription,6
0.3,question7,7
0.4,motivation,7
0.5,business1,7
0.6,businessDrivers1,7
0.8a1,businessDrivers1,7
0.9,businessDrivers1,7
0.9.1,businessDrivers1,7
0.10.0,businessDrivers1,7
1.0.0,businessDrivers1,7
1.0.1,businessDrivers1,7
0.3,question52,8
0.4,motivation-other,8
0.5,motivation-other,8
0.6,motivation-other,8
0.8a1,motivation-other,8
0.9,motivation-other,8
0.9.1,motivation-other,8
0.10.0,motivation-other,8
1.0.0,motivation-other,8
1.0.1,motivation-other,8
0.3,question9,9
0.4,capabilities,9
0.5,system1,9
0.6,aboutSystem1,9
0.8a1,aboutSystem1,9
0.9,aboutSystem1,9
0.9.1,aboutSystem1,9
0.10.0,aboutSystem1,9
1.0.0,aboutSystem1,9
1.0.1,aboutSystem1,9
0.3,question9-other,10
0.4,capabilities-other,10
0.5,capabilities-other,10
0.6,aboutSystem2,10
0.8a1,aboutSystem2,10
0.9,aboutSystem2,10
0.9.1,aboutSystem2,10
0.10.0,aboutSystem2,10
1.0.0,aboutSystem2,10
1.0.1,aboutSystem2,10
0.3,question10,11
0.4,sector-categories,11
0.5,sector-categories,11
0.6,decisionSector1,11
0.8a1,decisionSector1,11
0.9,decisionSector1,11
0.9.1,decisionSector1,11
0.10.0,decisionSector1,11
1.0.0,decisionSector1,11
1.0.1,decisionSector1,11
0.3,question10-other,12
0.4,sector-categories-other,12
0.5,sector-categories-other,12
0.6,decisionSector2,12
0.8a1,decisionSector2,12
0.9,decisionSector2,12
0.9.1,decisionSector2,12
0.10.0,decisionSector2,12
0.3,question11,13
0.3,question12,14
0.3,question8,15
0.4,question8,15
0.5,question8,15
0.6,impact5,15
0.8a1,impact5,15
0.9,impact5,15
0.9.1,impact5,15
0.10.0,impact5,15
1.0.0,impact5,15
1.0.1,impact5,15
0.3,question20,16
0.4,question20,16
0.5,question20,16
0.6,impact6,16
0.8a1,impact6,16
0.9,impact6,16
0.9.1,impact6,16
0.10.0,impact6,16
1.0.0,impact6,16
1.0.1,impact6,16
0.3,question21,17
0.4,question21,17
0.5,question21,17
0.6,impact7,17
0.8a1,impact7,17
0.9,impact7,17
0.9.1,impact7,17
0.10.0,impact7,17
1.0.0,impact7,17
1.0.1,impact7,17
0.3,question13,18
0.4,question13,18
0.5,question13,18
0.6,impact8,18
0.8a1,impact8,18
0.9,impact8,18
0.9.1,impact8,18
0.10.0,impact8,18
1.0.0,impact8,18
1.0.1,impact8,18
0.3,question22,19
0.4,question22,19
0.5,question22,19
0.6,impact9,19
0.8a1,impact9,19
0.9,impact9,19
0.9.1,impact9,19
0.10.0,impact9,19
1.0.0,impact9,19
1.0.1,impact9,19
0.3,question15,20
0.4,question15,20
0.5,question15,20
0.6,impact10,20
0.8a1,impact10,20
0.9,impact10,20
0.9.1,impact10,20
0.10.0,impact10,20
1.0.0,impact10,20
1.0.1,impact10,20
0.3,question14,21
0.4,question14,21
0.5,question14,21
0.6,impact11,21
0.8a1,impact11,21
0.9,impact11,21
0.9.1,impact11,21
0.10.0,impact24,21
1.0.0,impact24,21
1.0.1,impact24,21
0.3,question17,22
0.4,question17,22
0.5,question17,22
0.6,impact12,22
0.8a1,impact12,22
0.9,impact12,22
0.9.1,impact12,22
0.10.0,impact25,22
1.0.0,impact25,22
1.0.1,impact25,22
0.3,question16,23
0.4,question16,23
0.5,question16,23
0.6,impact13,23
0.8a1,impact13,23
0.9,impact13,23
0.9.1,impact13,23
0.10.0,impact11,23
1.0.0,impact11,23
1.0.1,impact11,23
0.3,question19,24
0.4,question19,24
0.5,question19,24
0.6,impact14,24
0.8a1,impact14,24
0.9,impact14,24
0.9.1,impact14,24
0.10.0,impact12,24
1.0.0,impact12,24
1.0.1,impact12,24
0.3,question18,25
0.4,question18,25
0.5,question18,25
0.6,impact15,25
0.8a1,impact15,25
0.9,impact15,25
0.9.1,impact15,25
0.10.0,impact15,25
1.0.0,impact15,25
1.0.1,impact15,25
0.3,question23,26
0.4,question23,26
0.5,question23,26
0.6,impact16,26
0.8a1,impact16,26
0.9,impact16,26
0.9.1,impact16,26
0.10.0,impact14,26
1.0.0,impact14,26
1.0.1,impact14,26
0.3,question24,27
0.4,question24,27
0.5,question24,27
0.6,aboutDataSource1,27
0.8a1,aboutDataSource1,27
0.9,aboutDataSource1,27
0.9.1,aboutDataSource1,27
0.10.0,aboutDataSource1,27
1.0.0,aboutDataSource1,27
1.0.1,aboutDataSource1,27
0.3,question25,28
0.4,question25,28
0.5,question25,28
0.6,aboutDataSource2,28
0.8a1,aboutDataSource2,28
0.9,aboutDataSource2,28
0.9.1,aboutDataSource2,28
0.10.0,aboutDataSource2,28
1.0.0,aboutDataSource2,28
1.0.1,aboutDataSource2,28
0.3,question26,29
0.4,question26,29
0.5,question26,29
0.6,aboutDataSource3,29
0.8a1,aboutDataSource3,29
0.9,aboutDataSource3,29
0.9.1,aboutDataSource3,29
0.10.0,aboutDataSource3,29
1.0.0,aboutDataSource3,29
1.0.1,aboutDataSource3,29
0.3,question27,30
0.4,question27,30
0.5,question27,30
0.6,aboutDataSource4,30
0.8a1,aboutDataSource4,30
0.9,aboutDataSource4,30
0.9.1,aboutDataSource4,30
0.10.0,aboutDataSource4,30
1.0.0,aboutDataSource4,30
1.0.1,aboutDataSource4,30
0.3,question28,31
0.4,question28,31
0.5,question28,31
0.6,aboutDataSource5,31
0.8a1,aboutDataSource5,31
0.9,aboutDataSource5,31
0.9.1,aboutDataSource5,31
0.10.0,aboutDataSource5,31
1.0.0,aboutDataSource5,31
1.0.1,aboutDataSource5,31
0.3,question29,32
0.4,question29,32
0.5,question29,32
0.6,aboutDataSource6,32
0.8a1,aboutDataSource6,32
0.9,aboutDataSource6,32
0.9.1,aboutDataSource6,32
0.10.0,aboutDataSource6,32
1.0.0,aboutDataSource6,32
1.0.1,aboutDataSource6,32
0.3,question30,33
0.4,question30,33
0.5,question30,33
0.6,aboutDataSource7,33
0.8a1,aboutDataSource7,33
0.9,aboutDataSource7,33
0.9.1,aboutDataSource7,33
0.10.0,aboutDataSource7,33
1.0.0,aboutDataSource7,33
1.0.1,aboutDataSource7,33
0.3,question31,34
0.4,question31,34
0.5,question31,34
0.6,aboutDataSource8,34
0.8a1,aboutDataSource8,34
0.9,aboutDataSource8,34
0.9.1,aboutDataSource8,34
0.10.0,aboutDataSource8,34
1.0.0,aboutDataSource8,34
1.0.1,aboutDataSource8,34
0.3,question32,35
0.4,question32,35
0.5,question32,35
0.6,aboutDataType1,35
0.8a1,aboutDataType1,35
0.9,aboutDataType1,35
0.9.1,aboutDataType1,35
0.10.0,aboutDataType1,35
1.0.0,aboutDataSourceType1,35
1.0.1,aboutDataSourceType1,35
0.3,question33,36
0.4,question33,36
0.5,question33,36
0.6,aboutDataType2,36
0.8a1,aboutDataType2,36
0.9,aboutDataType2,36
0.9.1,aboutDataType2,36
0.10.0,aboutDataType2,36
1.0.0,aboutDataSourceType2,36
1.0.1,aboutDataSourceType2,36
0.3,question35,38
0.4,question35,38
0.5,question2,38
0.5,question35,38
0.6,dataQualityDesign3,38
0.6,dataQualityImplementation3,38
0.8a1,dataQualityDesign3,38
0.8a1,dataQualityImplementation3,38
0.9,dataQualityDesign3,38
0.9,dataQualityImplementation3,38
0.9.1,dataQualityDesign3,38
0.9.1,dataQualityImplementation3,38
0.10.0,dataQualityDesign3,38
0.10.0,dataQualityImplementation3,38
1.0.0,dataQualityDesign3,38
1.0.0,dataQualityImplementation3,38
1.0.1,dataQualityDesign3,38
1.0.1,dataQualityImplementation3,38
0.3,question36,39
0.4,question36,39
0.5,question3,39
0.5,question36,39
0.6,dataQualityDesign5,39
0.6,dataQualityImplementation5,39
0.8a1,dataQualityDesign5,39
0.8a1,dataQualityImplementation5,39
0.9,dataQualityDesign5,39
0.9,dataQualityImplementation5,39
0.9.1,dataQualityDesign5,39
0.9.1,dataQualityImplementation5,39
0.10.0,dataQualityDesign5,39
0.10.0,dataQualityImplementation5,39
1.0.0,dataQualityDesign5,39
1.0.0,dataQualityImplementation5,39
1.0.1,dataQualityDesign5,39
1.0.1,dataQualityImplementation5,39
0.3,question37,40
0.4,question37,40
0.5,question37,40
0.5,question4,40
0.6,dataQualityDesign7,40
0.6,dataQualityImplementation7,40
0.8a1,dataQualityDesign7,40
0.8a1,dataQualityImplementation7,40
0.9,dataQualityDesign7,40
0.9,dataQualityImplementation7,40
0.9.1,dataQualityDesign7,40
0.9.1,dataQualityImplementation7,40
0.10.0,dataQualityDesign7,40
0.10.0,dataQualityImplementation7,40
1.0.0,aboutSystem6,40
1.0.1,aboutSystem6,40
0.3,question38,41
0.4,question38,41
0.5,question38,41
0.5,question5,41
0.6,dataQualityDesign8,41
0.6,dataQualityImplementation8,41
0.8a1,dataQualityDesign8,41
0.8a1,dataQualityImplementation8,41
0.9,dataQualityDesign8,41
0.9,dataQualityImplementation8,41
0.9.1,dataQualityDesign8,41
0.9.1,dataQualityImplementation8,41
0.10.0,dataQualityDesign8,41
0.10.0,dataQualityImplementation8,41
1.0.0,dataQualityDesign8,41
1.0.0,dataQualityImplementation8,41
1.0.1,dataQualityDesign8,41
1.0.1,dataQualityImplementation8,41
0.3,question39,42
0.4,question39,42
0.5,question39,42
0.5,question6,42
0.6,dataQualityDesign10,42
0.6,dataQualityImplementation10,42
0.8a1,dataQualityDesign10,42
0.8a1,dataQualityImplementation10,42
0.9,dataQualityDesign10,42
0.9,dataQualityImplementation10,42
0.9.1,dataQualityDesign10,42
0.9.1,dataQualityImplementation10,42
0.10.0,dataQualityDesign10,42
0.10.0,dataQualityImplementation10,42
1.0.0,dataQualityDesign10,42
1.0.0,dataQualityImplementation10,42
1.0.1,dataQualityDesign10,42
1.0.1,dataQualityImplementation10,42
0.3,question40,43
0.4,question40,43
0.5,question40,43
0.5,question7,43
0.6,fairnessDesign1,43
0.6,fairnessImplementation1,43
0.8a1,fairnessDesign1,43
0.8a1,fairnessImplementation1,43
0.9,fairnessDesign1,43
0.9,fairnessImplementation1,43
0.9.1,fairnessDesign1,43
0.9.1,fairnessImplementation1,43
0.10.0,fairnessDesign1,43
0.10.0,fairnessImplementation1,43
1.0.0,fairnessDesign1,43
1.0.0,fairnessImplementation1,43
1.0.1,fairnessDesign1,43
1.0.1,fairnessImplementation1,43
0.3,question41,44
0.4,question41,44
0.5,question41,44
0.5,question9,44
0.6,fairnessDesign2,44
0.6,fairnessImplementation2,44
0.8a1,fairnessDesign5,44
0.8a1,fairnessImplementation5,44
0.9,fairnessDesign5,44
0.9,fairnessImplementation5,44
0.9.1,fairnessDesign5,44
0.9.1,fairnessImplementation5,44
0.10.0,fairnessDesign5,44
0.10.0,fairnessImplementation5,44
1.0.0,fairnessDesign2,44
1.0.0,fairnessImplementation2,44
1.0.1,fairnessDesign2,44
1.0.1,fairnessImplementation2,44
0.3,question42,45
0.4,question42,45
0.5,question10,45
0.5,question42,45
0.6,fairnessDesign3,45
0.6,fairnessImplementation3,45
0.8a1,fairnessDesign6,45
0.9,fairnessDesign6,45
0.9.1,fairnessDesign6,45
0.10.0,fairnessDesign6,45
1.0.0,fairnessDesign3,45
1.0.0,fairnessImplementation3,45
1.0.1,fairnessDesign3,45
1.0.1,fairnessImplementation3,45
0.8a1,fairnessDesign4,46
0.8a1,fairnessImplementation4,46
0.9,fairnessDesign4,46
0.9,fairnessImplementation4,46
0.9.1,fairnessDesign4,46
0.9.1,fairnessImplementation4,46
0.10.0,fairnessDesign4,46
0.10.0,fairnessImplementation4,46
1.0.0,fairnessDesign1A,46
1.0.0,fairnessImplementation1A,46
1.0.1,fairnessDesign1A,46
1.0.1,fairnessImplementation1A,46
0.3,question45,48
0.4,question45,48
0.5,question45,48
0.5,question52,48
0.6,fairnessDesign6,48
0.6,fairnessImplementation6,48
0.8a1,fairnessDesign11,48
0.8a1,fairnessImplementation11,48
0.9,fairnessDesign11,48
0.9,fairnessImplementation11,48
0.9.1,fairnessDesign11,48
0.9.1,fairnessImplementation11,48
0.10.0,fairnessDesign11,48
0.10.0,fairnessImplementation11,48
1.0.0,aboutSystem10A,48
1.0.1,aboutSystem10A,48
0.8a1,fairnessDesign7,49
0.8a1,fairnessImplementation7,49
0.9,fairnessDesign7,49
0.9,fairnessImplementation7,49
0.9.1,fairnessDesign7,49
0.9.1,fairnessImplementation7,49
0.10.0,fairnessDesign7,49
0.10.0,fairnessImplementation7,49
1.0.0,fairnessDesign7,49
1.0.0,fairnessImplementation7,49
1.0.1,fairnessDesign7,49
1.0.1,fairnessImplementation7,49
0.8a1,fairnessDesign8,50
0.8a1,fairnessImplementation8,50
0.9,fairnessDesign8,50
0.9,fairnessImplementation8,50
0.9.1,fairnessDesign8,50
0.9.1,fairnessImplementation8,50
0.10.0,fairnessDesign8,50
0.10.0,fairnessImplementation8,50
1.0.0,fairnessDesign8,50
1.0.0,fairnessImplementation8,50
1.0.1,fairnessDesign8,50
1.0.1,fairnessImplementation8,50
0.3,question48,51
0.4,question48,51
0.5,question48,51
0.5,question55,51
0.6,fairnessDesign9,51
0.6,fairnessImplementation9,51
0.8a1,fairnessDesign14,51
0.8a1,fairnessImplementation14,51
0.9,fairnessDesign14,51
0.9,fairnessImplementation14,51
0.9.1,fairnessDesign14,51
0.9.1,fairnessImplementation14,51
0.10.0,fairnessDesign14,51
0.10.0,fairnessImplementation14,51
1.0.0,fairnessDesign9,51
1.0.0,fairnessImplementation9,51
1.0.1,fairnessDesign9,51
1.0.1,fairnessImplementation9,51
0.3,question44,52
0.4,question44,52
0.5,question12,52
0.5,question44,52
0.6,fairnessDesign5,52
0.6,fairnessImplementation5,52
0.8a1,fairnessDesign10,52
0.8a1,fairnessImplementation10,52
0.9,fairnessDesign10,52
0.9,fairnessImplementation10,52
0.9.1,fairnessDesign10,52
0.9.1,fairnessImplementation10,52
0.10.0,fairnessDesign10,52
0.10.0,fairnessImplementation10,52
1.0.0,fairnessDesign10,52
1.0.0,fairnessImplementation10,52
1.0.1,fairnessDesign10,52
1.0.1,fairnessImplementation10,52
0.3,question46,54
0.4,question46,54
0.5,question46,54
0.5,question53,54
0.6,fairnessDesign7,54
0.6,fairnessImplementation7,54
0.8a1,fairnessDesign12,54
0.8a1,fairnessImplementation12,54
0.9,fairnessDesign12,54
0.9,fairnessImplementation12,54
0.9.1,fairnessDesign12,54
0.9.1,fairnessImplementation12,54
0.10.0,fairnessDesign12,54
0.10.0,fairnessImplementation12,54
1.0.0,fairnessDesign12,54
1.0.0,fairnessImplementation12,54
1.0.1,fairnessDesign12,54
1.0.1,fairnessImplementation12,54
0.4,discretion,55
0.5,discretion,55
0.6,impact3,55
0.8a1,impact3,55
0.9,impact3,55
0.9.1,impact3,55
0.10.0,impact3,55
1.0.0,impact3,55
1.0.1,impact3,55
0.4,discretion-comment,56
0.5,discretion-comment,56
0.6,impact4,56
0.8a1,impact4,56
0.9,impact4,56
0.9.1,impact4,56
0.5,project-id,57
0.6,projectDetailsID,57
0.8a1,projectDetailsID,57
0.9,projectDetailsID,57
0.9.1,projectDetailsID,57
0.10.0,projectDetailsID,57
1.0.0,projectDetailsID,57
1.0.1,projectDetailsID,57
0.5,departmental-program,58
0.6,projectDetailsProgram,58
0.8a1,projectDetailsProgram,58
0.9,projectDetailsProgram,58
0.9.1,projectDetailsProgram,58
0.10.0,projectDetailsProgram,58
1.0.0,projectDetailsProgram,58
1.0.1,projectDetailsProgram,58
0.5,project-phase,59
0.6,projectDetailsPhase,59
0.8a1,projectDetailsPhase,59
0.9,projectDetailsPhase,59
0.9.1,projectDetailsPhase,59
0.10.0,projectDetailsPhase,59
1.0.0,projectDetailsPhase,59
1.0.1,projectDetailsPhase,59
0.5,risk-profile1,60
0.6,riskProfile1,60
0.8a1,riskProfile1,60
0.9,riskProfile1,60
0.9.1,riskProfile1,60
0.10.0,riskProfile1,60
1.0.0,riskProfile1,60
1.0.1,riskProfile1,60
0.5,risk-profile2,61
0.6,riskProfile2,61
0.8a1,riskProfile2,61
0.9,riskProfile2,61
0.9.1,riskProfile2,61
0.10.0,riskProfile2,61
1.0.0,riskProfile2,61
1.0.1,riskProfile2,61
0.5,risk-profile3,62
0.6,riskProfile3,62
0.8a1,riskProfile3,62
0.9,riskProfile3,62
0.9.1,riskProfile3,62
0.10.0,riskProfile3,62
1.0.0,riskProfile3,62
1.0.1,riskProfile3,62
0.5,risk-profile4,63
0.6,riskProfile4,63
0.8a1,riskProfile4,63
0.9,riskProfile4,63
0.9.1,riskProfile4,63
0.10.0,riskProfile4,63
1.0.0,impact4A,63
1.0.1,impact4A,63
0.5,project-authority1,64
0.6,projectAuthority1,64
0.8a1,projectAuthority1,64
0.9,projectAuthority1,64
0.9.1,projectAuthority1,64
0.10.0,projectAuthority1,64
1.0.0,projectAuthority1,64
1.0.1,projectAuthority1,64
0.5,about-algorithm1,65
0.6,aboutAlgorithm1,65
0.8a1,aboutAlgorithm1,65
0.9,aboutAlgorithm1,65
0.9.1,aboutAlgorithm1,65
0.10.0,aboutAlgorithm1,65
1.0.0,aboutAlgorithm1,65
1.0.1,aboutAlgorithm1,65
0.5,about-algorithm2,66
0.6,aboutAlgorithm2,66
0.8a1,aboutAlgorithm2,66
0.9,aboutAlgorithm2,66
0.9.1,aboutAlgorithm2,66
0.10.0,aboutAlgorithm2,66
1.0.0,aboutAlgorithm2,66
1.0.1,aboutAlgorithm2,66
0.5,question66,67
0.6,impact1,67
0.8a1,impact1,67
0.9,impact1,67
0.9.1,impact1,67
0.5,question67,68
0.6,impact2,68
0.8a1,impact2,68
0.9,impact2,68
0.9.1,impact2,68
0.5,consultation-design1,69
0.5,consultation-implementation1,69
0.6,consultationDesign1,69
0.6,consultationImplementation1,69
0.8a1,consultationDesign1,69
0.8a1,consultationImplementation1,69
0.9,consultationDesign1,69
0.9,consultationImplementation1,69
0.9.1,consultationDesign1,69
0.9.1,consultationImplementation1,69
0.10.0,consultationDesign1,69
0.10.0,consultationImplementation1,69
1.0.0,consultationDesign1,69
1.0.0,consultationImplementation1,69
1.0.1,consultationDesign1,69
1.0.1,consultationImplementation1,69
0.5,consultation-design2-NS,70
0.5,consultation-implementation2-NS,70
0.6,consultationDesign2-NS,70
0.6,consultationImplementation2-NS,70
0.8a1,consultationDesign2-NS,70
0.8a1,consultationImplementation2-NS,70
0.9,consultationDesign2,70
0.9,consultationImplementation2,70
0.9.1,consultationDesign2,70
0.9.1,consultationImplementation2,70
0.10.0,consultationDesign2,70
0.10.0,consultationImplementation2,70
1.0.0,consultationDesign2,70
1.0.0,consultationImplementation2,70
1.0.1,consultationDesign2,70
1.0.1,consultationImplementation2,70
0.5,consultation-design3,71
0.5,consultation-implementation3,71
0.6,consultationDesign3,71
0.6,consultationImplementation3,71
0.8a1,consultationDesign3,71
0.8a1,consultationImplementation3,71
0.9,consultationDesign3,71
0.9,consultationImplementation3,71
0.9.1,consultationDesign3,71
0.9.1,consultationImplementation3,71
0.10.0,consultationDesign3,71
0.10.0,consultationImplementation3,71
1.0.0,consultationDesign3,71
1.0.0,consultationImplementation3,71
1.0.1,consultationDesign3,71
1.0.1,consultationImplementation3,71
0.5,consultation-design4-NS,72
0.5,consultation-implementation4-NS,72
0.6,consultationDesign4-NS,72
0.6,consultationImplementation4-NS,72
0.8a1,consultationDesign4-NS,72
0.8a1,consultationImplementation4-NS,72
0.9,consultationDesign4,72
0.9,consultationImplementation4,72
0.9.1,consultationDesign4,72
0.9.1,consultationImplementation4,72
0.10.0,consultationDesign4,72
0.10.0,consultationImplementation4,72
1.0.0,consultationDesign4,72
1.0.0,consultationImplementation4,72
1.0.1,consultationDesign4,72
1.0.1,consultationImplementation4,72
0.3,question34,73
0.4,question34,73
0.5,question1,73
0.5,rm-data-qual1,73
0.6,dataQualityDesign1,73
0.6,dataQualityImplementation1,73
0.8a1,dataQualityDesign1,73
0.8a1,dataQualityImplementation1,73
0.9,dataQualityDesign1,73
0.9,dataQualityImplementation1,73
0.9.1,dataQualityDesign1,73
0.9.1,dataQualityImplementation1,73
0.10.0,dataQualityDesign1,73
0.10.0,dataQualityImplementation1,73
1.0.0,dataQualityDesign1,73
1.0.0,dataQualityImplementation1,73
1.0.1,dataQualityDesign1,73
1.0.1,dataQualityImplementation1,73
0.5,mitigation-makePublic,74
0.5,question62,74
0.6,dataQualityDesign4,74
0.6,dataQualityImplementation4,74
0.8a1,dataQualityDesign4,74
0.8a1,dataQualityImplementation4,74
0.9,dataQualityDesign4,74
0.9,dataQualityImplementation4,74
0.9.1,dataQualityDesign4,74
0.9.1,dataQualityImplementation4,74
0.10.0,dataQualityDesign4,74
0.10.0,dataQualityImplementation4,74
1.0.0,dataQualityDesign4,74
1.0.0,dataQualityImplementation4,74
1.0.1,dataQualityDesign4,74
1.0.1,dataQualityImplementation4,74
0.5,question59,75
0.5,question63,75
0.6,dataQualityDesign6,75
0.6,dataQualityImplementation6,75
0.8a1,dataQualityDesign6,75
0.8a1,dataQualityImplementation6,75
0.9,dataQualityDesign6,75
0.9,dataQualityImplementation6,75
0.9.1,dataQualityDesign6,75
0.9.1,dataQualityImplementation6,75
0.10.0,dataQualityDesign6,75
0.10.0,dataQualityImplementation6,75
0.5,question60,76
0.5,question64,76
0.6,dataQualityDesign9,76
0.6,dataQualityImplementation9,76
0.8a1,dataQualityDesign9,76
0.8a1,dataQualityImplementation9,76
0.9,dataQualityDesign9,76
0.9,dataQualityImplementation9,76
0.9.1,dataQualityDesign9,76
0.9.1,dataQualityImplementation9,76
0.10.0,dataQualityDesign9,76
0.10.0,dataQualityImplementation9,76
1.0.0,dataQualityDesign9,76
1.0.0,dataQualityImplementation9,76
1.0.1,dataQualityDesign9,76
1.0.1,dataQualityImplementation9,76
0.5,question61,77
0.5,question65,77
0.6,dataQualityImplementation2,77
0.8a1,dataQualityImplementation2,77
0.9,dataQualityImplementation2,77
0.9.1,dataQualityImplementation2,77
0.10.0,dataQualityImplementation2,77
0.6,dataQualityDesign2,80
0.8a1,dataQualityDesign2,80
0.9,dataQualityDesign2,80
0.9.1,dataQualityDesign2,80
0.10.0,dataQualityDesign2,80
1.0.0,dataQualityDesign2,80
1.0.0,dataQualityImplementation2,80
1.0.1,dataQualityDesign2,80
1.0.1,dataQualityImplementation2,80
0.6,privacyDesign1,81
0.6,privacyImplementation1,81
0.8a1,privacyDesign1,81
0.8a1,privacyImplementation1,81
0.9,privacyDesign1,81
0.9,privacyImplementation1,81
0.9.1,privacyDesign1,81
0.9.1,privacyImplementation1,81
0.10.0,privacyDesign1,81
0.10.0,privacyImplementation1,81
1.0.0,privacyDesign1,81
1.0.1,privacyDesign1,81
0.6,privacyDesign2,82
0.6,privacyImplementation2,82
0.8a1,privacyDesign2,82
0.8a1,privacyImplementation2,82
1.0.0,privacyDesign2,82
1.0.0,privacyImplementation2,82
1.0.1,privacyDesign2,82
1.0.1,privacyImplementation2,82
0.3,question47,83
0.4,question47,83
0.5,question47,83
0.5,question54,83
0.6,fairnessDesign8,83
0.6,fairnessImplementation8,83
0.8a1,fairnessDesign13,83
0.8a1,fairnessImplementation13,83
0.9,fairnessDesign13,83
0.9,fairnessImplementation13,83
0.9.1,fairnessDesign13,83
0.9.1,fairnessImplementation13,83
0.10.0,fairnessDesign13,83
0.10.0,fairnessImplementation13,83
1.0.0,fairnessDesign13,83
1.0.0,fairnessImplementation13,83
1.0.1,fairnessDesign13,83
1.0.1,fairnessImplementation13,83
0.3,question49,85
0.4,question49,85
0.5,question49,85
0.5,question56,85
0.6,fairnessDesign10,85
0.6,fairnessImplementation10,85
0.8a1,fairnessDesign15,85
0.8a1,fairnessImplementation15,85
0.9,fairnessDesign15,85
0.9,fairnessImplementation15,85
0.9.1,fairnessDesign15,85
0.9.1,fairnessImplementation15,85
0.10.0,fairnessDesign15,85
0.10.0,fairnessImplementation15,85
1.0.0,fairnessDesign4,85
1.0.0,fairnessImplementation4,85
1.0.1,fairnessDesign4,85
1.0.1,fairnessImplementation4,85
0.3,question50,86
0.4,question50,86
0.5,question50,86
0.5,question57,86
0.6,fairnessDesign11,86
0.6,fairnessImplementation11,86
0.8a1,fairnessDesign16,86
0.8a1,fairnessImplementation16,86
0.9,fairnessDesign16,86
0.9,fairnessImplementation16,86
0.9.1,fairnessDesign16,86
0.9.1,fairnessImplementation16,86
0.10.0,fairnessDesign16,86
0.10.0,fairnessImplementation16,86
1.0.0,fairnessDesign16,86
1.0.0,fairnessImplementation16,86
1.0.1,fairnessDesign16,86
1.0.1,fairnessImplementation16,86
0.3,question51,87
0.4,question51,87
0.5,question51,87
0.5,question58,87
0.6,fairnessDesign12,87
0.6,fairnessImplementation12,87
0.8a1,fairnessDesign17,87
0.8a1,fairnessImplementation17,87
0.9,fairnessDesign17,87
0.9,fairnessImplementation17,87
0.9.1,fairnessDesign17,87
0.9.1,fairnessImplementation17,87
0.10.0,fairnessDesign17,87
0.10.0,fairnessImplementation17,87
0.9,aboutDataSource9,88
0.9.1,aboutDataSource9,88
0.10.0,aboutDataSource9,88
1.0.0,aboutDataSource9,88
1.0.1,aboutDataSource9,88
0.9,aboutDataSource10,89
0.9.1,aboutDataSource10,89
0.10.0,aboutDataSource10,89
1.0.0,aboutDataSource10,89
1.0.1,aboutDataSource10,89
0.9,aboutDataSource11,90
0.9.1,aboutDataSource11,90
0.10.0,aboutDataSource11,90
1.0.0,aboutDataSource11,90
1.0.1,aboutDataSource11,90
0.9,consultationDesign2-other,91
0.9,consultationImplementation2-other,91
0.9.1,consultationDesign2-other,91
0.9.1,consultationImplementation2-other,91
0.10.0,consultationDesign2-other,91
0.10.0,consultationImplementation2-other,91
1.0.0,consultationDesign2-other,91
1.0.0,consultationImplementation2-other,91
1.0.1,consultationDesign2-other,91
1.0.1,consultationImplementation2-other,91
0.9,consultationDesign4-other,92
0.9,consultationImplementation4-other,92
0.9.1,consultationDesign4-other,92
0.9.1,consultationImplementation4-other,92
0.10.0,consultationDesign4-other,92
0.10.0,consultationImplementation4-other,92
1.0.0,consultationDesign4-other,92
1.0.0,consultationImplementation4-other,92
1.0.1,consultationDesign4-other,92
1.0.1,consultationImplementation4-other,92
0.9,privacyDesign3,93
0.9,privacyImplementation3,93
0.9.1,privacyDesign3,93
0.9.1,privacyImplementation3,93
0.10.0,privacyDesign3,93
0.10.0,privacyImplementation3,93
1.0.0,privacyDesign3,93
1.0.0,privacyImplementation3,93
1.0.1,privacyDesign3,93
1.0.1,privacyImplementation3,93
0.9,privacyDesign4,94
0.9,privacyImplementation4,94
0.9.1,privacyDesign4,94
0.9.1,privacyImplementation4,94
0.10.0,privacyDesign4,94
0.10.0,privacyImplementation4,94
1.0.0,privacyDesign4,94
1.0.0,privacyImplementation4,94
1.0.1,privacyDesign4,94
1.0.1,privacyImplementation4,94
0.10.0,businessDrivers3,95
1.0.0,businessDrivers3,95
1.0.1,businessDrivers3,95
0.10.0,businessDrivers4,96
1.0.0,businessDrivers4,96
1.0.1,businessDrivers4,96
0.10.0,businessDrivers5,97
1.0.0,businessDrivers5,97
1.0.1,businessDrivers5,97
0.10.0,businessDrivers6,98
0.10.0,businessDrivers7,99
1.0.0,businessDrivers7,99
1.0.1,businessDrivers7,99
0.10.0,businessDrivers8,100
1.0.0,businessDrivers8,100
1.0.1,businessDrivers8,100
0.10.0,businessDrivers9,101
1.0.0,businessDrivers9,101
1.0.1,businessDrivers9,101
0.10.0,businessDrivers10,102
1.0.0,businessDrivers10,102
1.0.1,businessDrivers10,102
0.10.0,businessDrivers11,103
1.0.0,businessDrivers11,103
1.0.1,businessDrivers11,103
0.10.0,businessDrivers12,104
1.0.0,businessDrivers12,104
1.0.1,businessDrivers12,104
0.10.0,riskProfile5,105
0.10.0,riskProfile6,106
0.10.0,decisionSector3,107
1.0.0,decisionSector3,107
1.0.1,decisionSector3,107
0.10.0,impact30,108
1.0.0,impact30,108
1.0.1,impact30,108
0.10.0,impact31,109
1.0.0,impact31,109
1.0.1,impact31,109
0.10.0,impact20,110
1.0.0,impact20,110
1.0.1,impact20,110
0.10.0,impact21,111
1.0.0,impact21,111
1.0.1,impact21,111
0.10.0,impact22,112
1.0.0,impact22,112
1.0.1,impact22,112
0.10.0,impact23,113
1.0.0,impact22A,113
1.0.1,impact22A,113
0.10.0,impact16,115
1.0.0,impact16,115
1.0.1,impact16,115
0.10.0,aboutDataSource12,116
1.0.0,aboutDataSource12,116
1.0.1,aboutDataSource12,116
0.10.0,aboutDataSource13,117
1.0.0,aboutDataSource13,117
1.0.1,aboutDataSource13,117
0.10.0,privacyDesign5,118
0.10.0,privacyImplementation5,118
1.0.0,privacyDesign5,118
1.0.0,privacyImplementation5,118
1.0.1,privacyDesign5,118
1.0.1,privacyImplementation5,118
0.10.0,privacyDesign6,119
0.10.0,privacyImplementation6,119
1.0.0,privacyDesign6,119
1.0.0,privacyImplementation6,119
1.0.1,privacyDesign6,119
1.0.1,privacyImplementation6,119
0.10.0,privacyDesign7,120
0.10.0,privacyImplementation7,120
1.0.0,privacyDesign7,120
1.0.0,privacyImplementation7,120
1.0.1,privacyDesign7,120
1.0.1,privacyImplementation7,120
0.10.0,privacyDesign8,121
0.10.0,privacyImplementation8,121
1.0.0,privacyDesign8,121
1.0.0,privacyImplementation8,121
1.0.1,privacyDesign8,121
1.0.1,privacyImplementation8,121
1.0.0,projectAIAnumber,122
1.0.1,projectAIAnumber,122
1.0.0,ADMresponsible,123
1.0.1,ADMresponsible,123
1.0.0,consultedTeams,124
1.0.1,consultedTeams,124
1.0.0,ServiceID,125
1.0.1,ServiceID,125
1.0.0,businessDrivers5B,126
1.0.1,businessDrivers5B,126
1.0.0,businessDrivers6A,127
1.0.1,businessDrivers6A,127
1.0.0,businessDrivers6B,128
1.0.1,businessDrivers6B,128
1.0.0,businessDrivers6C,129
1.0.1,businessDrivers6C,129
1.0.0,businessDrivers6D,130
1.0.1,businessDrivers6D,130
1.0.0,riskProfile2A,131
1.0.1,riskProfile2A,131
1.0.0,riskProfile3A,132
1.0.1,riskProfile3A,132
1.0.0,riskProfile4B,133
1.0.1,riskProfile4B,133
1.0.0,riskProfile7,134
1.0.1,riskProfile7,134
1.0.0,riskProfile8,135
1.0.1,riskProfile8,135
1.0.0,riskProfile8A,136
1.0.1,riskProfile8A,136
1.0.0,riskProfile9,137
1.0.1,riskProfile9,137
1.0.0,riskProfile10,138
1.0.1,riskProfile10,138
1.0.0,projectAuthority2,139
1.0.1,projectAuthority2,139
1.0.0,aboutSystem3,140
1.0.1,aboutSystem3,140
1.0.0,aboutSystem3A,141
1.0.1,aboutSystem3A,141
1.0.0,aboutSystem3B,142
1.0.1,aboutSystem3B,142
1.0.0,aboutSystem3C,143
1.0.1,aboutSystem3C,143
1.0.0,aboutSystem4,144
1.0.1,aboutSystem4,144
1.0.0,aboutSystem4A,145
1.0.1,aboutSystem4A,145
1.0.0,aboutSystem4B,146
1.0.1,aboutSystem4B,146
1.0.0,aboutSystem4C,147
1.0.1,aboutSystem4C,147
1.0.0,aboutSystem5,148
1.0.1,aboutSystem5,148
1.0.0,aboutSystem5A,149
1.0.1,aboutSystem5A,149
1.0.0,aboutSystem5B,150
1.0.1,aboutSystem5B,150
1.0.0,aboutSystem5C,151
1.0.1,aboutSystem5C,151
1.0.0,aboutSystem7,152
1.0.1,aboutSystem7,152
1.0.0,aboutSystem8,153
1.0.1,aboutSystem8,153
1.0.0,aboutSystem8A,154
1.0.1,aboutSystem8A,154
1.0.0,aboutSystem9,155
1.0.1,aboutSystem9,155
1.0.0,aboutSystem11,156
1.0.1,aboutSystem11,156
1.0.0,aboutSystem12,157
1.0.1,aboutSystem12,157
1.0.0,aboutAlgorithm3,158
1.0.1,aboutAlgorithm3,158
1.0.0,aboutAlgorithm4,159
1.0.1,aboutAlgorithm4,159
1.0.0,aboutAlgorithm5,160
1.0.1,aboutAlgorithm5,160
1.0.0,aboutAlgorithm6,161
1.0.1,aboutAlgorithm6,161
1.0.0,aboutAlgorithm7,162
1.0.1,aboutAlgorithm7,162
1.0.0,aboutAlgorithm8,163
1.0.1,aboutAlgorithm8,163
1.0.0,aboutAlgorithm8A,164
1.0.1,aboutAlgorithm8A,164
1.0.0,aboutAlgorithm9,165
1.0.1,aboutAlgorithm9,165
1.0.0,aboutAlgorithm9A,166
1.0.1,aboutAlgorithm9A,166
1.0.0,aboutAlgorithm11,167
1.0.1,aboutAlgorithm11,167
1.0.0,aboutAlgorithm11A,168
1.0.1,aboutAlgorithm11A,168
1.0.0,aboutAlgorithm11B,169
1.0.1,aboutAlgorithm11B,169
1.0.0,impact3A,170
1.0.1,impact3A,170
1.0.0,impact18,172
1.0.1,impact18,172
1.0.0,impact18A,173
1.0.1,impact18A,173
1.0.0,impact18B,174
1.0.1,impact18B,174
1.0.0,impact18C,175
1.0.1,impact18C,175
1.0.0,impact19I,176
1.0.1,impact19I,176
1.0.0,impact19IY,177
1.0.1,impact19IY,177
1.0.0,impact19IN,178
1.0.1,impact19IN,178
1.0.0,impact23,179
1.0.1,impact23,179
1.0.0,impact23Y,180
1.0.1,impact23Y,180
1.0.0,impact23N,181
1.0.1,impact23N,181
1.0.0,impact26,182
1.0.1,impact26,182
1.0.0,impact26U,183
1.0.1,impact26U,183
1.0.0,impact27,184
1.0.1,impact27,184
1.0.0,impact27YN,185
1.0.1,impact27YN,185
1.0.0,impact28,186
1.0.1,impact28,186
1.0.0,impact28A,187
1.0.1,impact28A,187
1.0.0,aboutDataSource14,188
1.0.1,aboutDataSource14,188
1.0.0,aboutDataSource14A,189
1.0.1,aboutDataSource14A,189
1.0.0,aboutDataSource15,190
1.0.1,aboutDataSource15,190
1.0.0,aboutDataSource15Y,191
1.0.1,aboutDataSource15Y,191
1.0.0,aboutDataSource15N,192
1.0.1,aboutDataSource15N,192
1.0.0,aboutDataSource15U,193
1.0.1,aboutDataSource15U,193
1.0.0,aboutDataSource16,194
1.0.1,aboutDataSource16,194
1.0.0,aboutDataSource16Y,195
1.0.1,aboutDataSource16Y,195
1.0.0,aboutDataSource16N,196
1.0.1,aboutDataSource16N,196
1.0.0,aboutDataSource16U,197
1.0.1,aboutDataSource16U,197
1.0.0,aboutDataSource2A,198
1.0.1,aboutDataSource2A,198
1.0.0,aboutDataSource17,199
1.0.1,aboutDataSource17,199
1.0.0,aboutDataSource17Y,200
1.0.1,aboutDataSource17Y,200
1.0.0,aboutDataSource17N,201
1.0.1,aboutDataSource17N,201
1.0.0,aboutDataSource17U,202
1.0.1,aboutDataSource17U,202
1.0.0,aboutDataSourceType3,203
1.0.1,aboutDataSourceType3,203
1.0.0,aboutDataSourceType3A,204
1.0.1,aboutDataSourceType3A,204
1.0.0,consultationDesign5,205
1.0.0,consultationImplementation5,205
1.0.1,consultationDesign5,205
1.0.1,consultationImplementation5,205
1.0.0,consultationDesign6,206
1.0.0,consultationImplementation6,206
1.0.1,consultationDesign6,206
1.0.1,consultationImplementation6,206
1.0.0,consultationDesign6A,207
1.0.0,consultationImplementation6A,207
1.0.1,consultationDesign6A,207
1.0.1,consultationImplementation6A,207
1.0.0,consultationDesign6B,208
1.0.0,consultationImplementation6B,208
1.0.1,consultationDesign6B,208
1.0.1,consultationImplementation6B,208
1.0.0,consultationDesign7,209
1.0.0,consultationImplementation7,209
1.0.1,consultationDesign7,209
1.0.1,consultationImplementation7,209
1.0.0,consultationDesign7A,210
1.0.0,consultationImplementation7A,210
1.0.1,consultationDesign7A,210
1.0.1,consultationImplementation7A,210
1.0.0,consultationDesign7B,211
1.0.0,consultationImplementation7B,211
1.0.1,consultationDesign7B,211
1.0.1,consultationImplementation7B,211
1.0.0,consultationDesign8,212
1.0.0,consultationImplementation8,212
1.0.1,consultationDesign8,212
1.0.1,consultationImplementation8,212
1.0.0,consultationDesign8A,213
1.0.0,consultationImplementation8A,213
1.0.1,consultationDesign8A,213
1.0.1,consultationImplementation8A,213
1.0.0,consultationDesign9,214
1.0.0,consultationImplementation9,214
1.0.1,consultationDesign9,214
1.0.1,consultationImplementation9,214
1.0.0,dataQualityDesign11,215
1.0.0,dataQualityImplementation11,215
1.0.1,dataQualityDesign11,215
1.0.1,dataQualityImplementation11,215
1.0.0,dataQualityDesign12,216
1.0.0,dataQualityImplementation12,216
1.0.1,dataQualityDesign12,216
1.0.1,dataQualityImplementation12,216
1.0.0,dataQualityDesign7,217
1.0.0,dataQualityImplementation7,217
1.0.1,dataQualityDesign7,217
1.0.1,dataQualityImplementation7,217
1.0.0,dataQualityDesign7A,218
1.0.0,dataQualityImplementation6A,218
1.0.1,dataQualityDesign7A,218
1.0.1,dataQualityImplementation6A,218
1.0.0,dataQualityDesign9A,219
1.0.0,dataQualityImplementation9A,219
1.0.1,dataQualityDesign9A,219
1.0.1,dataQualityImplementation9A,219
1.0.0,fairnessDesign12A,222
1.0.0,fairnessImplementation12A,222
1.0.1,fairnessDesign12A,222
1.0.1,fairnessImplementation12A,222
1.0.0,fairnessDesign12B,223
1.0.0,fairnessImplementation12B,223
1.0.1,fairnessDesign12B,223
1.0.1,fairnessImplementation12B,223
1.0.0,fairnessDesign13A,224
1.0.0,fairnessImplementation13A,224
1.0.1,fairnessDesign13A,224
1.0.1,fairnessImplementation13A,224
1.0.0,fairnessDesign18,225
1.0.0,fairnessImplementation18,225
1.0.1,fairnessDesign18,225
1.0.1,fairnessImplementation18,225
1.0.0,fairnessDesign18A,226
1.0.0,fairnessImplementation18A,226
1.0.1,fairnessDesign18A,226
1.0.1,fairnessImplementation18A,226
1.0.0,fairnessDesign19,227
1.0.0,fairnessImplementation19,227
1.0.1,fairnessDesign19,227
1.0.1,fairnessImplementation19,227
1.0.0,fairnessDesign20,228
1.0.0,fairnessImplementation20,228
1.0.1,fairnessDesign20,228
1.0.1,fairnessImplementation20,228
1.0.0,fairnessDesign21,229
1.0.0,fairnessImplementation21,229
1.0.1,fairnessDesign21,229
1.0.1,fairnessImplementation21,229
1.0.0,fairnessDesign21A,230
1.0.0,fairnessImplementation21A,230
1.0.1,fairnessDesign21A,230
1.0.1,fairnessImplementation21A,230
1.0.0,fairnessDesign22,231
1.0.0,fairnessImplementation22,231
1.0.1,fairnessDesign22,231
1.0.1,fairnessImplementation22,231
1.0.0,fairnessDesign22A,232
1.0.0,fairnessImplementation22A,232
1.0.1,fairnessDesign22A,232
1.0.1,fairnessImplementation22A,232
1.0.0,fairnessDesign23,233
1.0.0,fairnessImplementation23,233
1.0.1,fairnessDesign23,233
1.0.1,fairnessImplementation23,233
1.0.0,fairnessDesign24,234
1.0.0,fairnessImplementation24,234
1.0.1,fairnessDesign24,234
1.0.1,fairnessImplementation24,234
1.0.0,fairnessDesign24A,235
1.0.0,fairnessImplementation24A,235
1.0.1,fairnessDesign24A,235
1.0.1,fairnessImplementation24A,235
1.0.0,fairnessDesign24AA,236
1.0.0,fairnessImplementation24AA,236
1.0.1,fairnessDesign24AA,236
1.0.1,fairnessImplementation24AA,236
1.0.0,fairnessDesign24B,237
1.0.0,fairnessImplementation24B,237
1.0.1,fairnessDesign24B,237
1.0.1,fairnessImplementation24B,237
1.0.0,privacyDesign2A,238
1.0.0,privacyImplementation2A,238
1.0.1,privacyDesign2A,238
1.0.1,privacyImplementation2A,238
0.9,privacyDesign2,239
0.9,privacyImplementation2,239
0.9.1,privacyDesign2,239
0.9.1,privacyImplementation2,239
0.10.0,privacyDesign2,239
0.10.0,privacyImplementation2,239
1.0.0,privacyDesign9,239
1.0.0,privacyImplementation9,239
1.0.1,privacyDesign9,239
1.0.1,privacyImplementation9,239
1.0.0,privacyDesign9A,240
1.0.0,privacyImplementation9A,240
1.0.1,privacyDesign9A,240
1.0.1,privacyImplementation9A,240
0.3,question43,241
0.4,question43,241
0.5,question11,241
0.5,question43,241
0.6,fairnessDesign4,241
0.6,fairnessImplementation4,241
0.8a1,fairnessDesign9,241
0.8a1,fairnessImplementation9,241
0.9,fairnessDesign9,241
0.9,fairnessImplementation9,241
0.9.1,fairnessDesign9,241
0.9.1,fairnessImplementation9,241
0.10.0,fairnessDesign9,241
0.10.0,fairnessImplementation9,241
0.8a1,fairnessDesign2,242
0.8a1,fairnessImplementation2,242
0.9,fairnessDesign2,242
0.9,fairnessImplementation2,242
0.9.1,fairnessDesign2,242
0.9.1,fairnessImplementation2,242
0.10.0,fairnessDesign2,242
0.10.0,fairnessImplementation2,242
0.8a1,fairnessDesign3,243
0.8a1,fairnessImplementation3,243
0.9,fairnessDesign3,243
0.9,fairnessImplementation3,243
0.9.1,fairnessDesign3,243
0.9.1,fairnessImplementation3,243
0.10.0,fairnessDesign3,243
0.10.0,fairnessImplementation3,243
0.8a1,fairnessImplementation6,244
0.9,fairnessImplementation6,244
0.9.1,fairnessImplementation6,244
0.10.0,fairnessImplementation6,244
0.10.0,impact13,245
1.0.0,impact13,245
1.0.1,impact13,245
1.0.0,riskProfile4,246
1.0.1,riskProfile4,246
1.0.0,decisionSector2,247
1.0.1,decisionSector2,247
1.0.0,dataQualityDesign6,248
1.0.0,dataQualityImplementation6,248
1.0.1,dataQualityDesign6,248
1.0.1,dataQualityImplementation6,248
1.0.0,fairnessDesign5,249
1.0.0,fairnessImplementation5,249
1.0.1,fairnessDesign5,249
1.0.1,fairnessImplementation5,249
1.0.0,fairnessDesign17,250
1.0.0,fairnessImplementation17,250
1.0.1,fairnessDesign17,250
1.0.1,fairnessImplementation17,250
1.0.0,privacyImplementation1,251
1.0.1,privacyImplementation1,251
