catalog_version,page_name,section_uid
0.3,project-details,1
0.4,project-details,1
0.5,project-details,1
0.6,projectDetails,1
0.8a1,projectDetails,1
0.9,projectDetails,1
0.9.1,projectDetails,1
0.10.0,projectDetails,1
1.0.0,projectDetails,1
1.0.1,projectDetails,1
0.3,business-drivers,2
0.4,business-drivers,2
0.5,business-drivers,2
0.6,businessDrivers,2
0.8a1,businessDrivers,2
0.9,businessDrivers,2
0.9.1,businessDrivers,2
0.10.0,businessDrivers,2
1.0.0,businessDrivers,2
1.0.1,businessDrivers,2
0.3,system,3
0.4,system,3
0.3,decision-sector,4
0.4,decision-sector,4
0.5,decision-sector,4
0.6,decisionSector,4
0.8a1,decisionSector,4
0.9,decisionSector,4
0.9.1,decisionSector,4
0.10.0,decisionSector,4
1.0.0,decisionSector,4
1.0.1,decisionSector,4
0.3,impact,5
0.4,impact,5
0.5,impact,5
0.6,impact,5
0.8a1,impact,5
0.9,impact,5
0.9.1,impact,5
0.10.0,impact,5
1.0.0,impact,5
1.0.1,impact,5
0.3,data,6
0.4,data,6
0.5,data,6
0.3,risk-mitigation,7
0.4,risk-mitigation,7
0.3,risk-mitigation2,8
0.4,risk-mitigation2,8
0.5,risk-profile,9
0.6,riskProfile,9
0.8a1,riskProfile,9
0.9,riskProfile,9
0.9.1,riskProfile,9
0.10.0,riskProfile,9
1.0.0,riskProfile,9
1.0.1,riskProfile,9
0.5,project-authority,10
0.6,projectAuthority,10
0.8a1,projectAuthority,10
0.9,projectAuthority,10
0.9.1,projectAuthority,10
0.10.0,projectAuthority,10
1.0.0,projectAuthority,10
1.0.1,projectAuthority,10
0.5,about-system,11
0.6,aboutSystem,11
0.8a1,aboutSystem,11
0.9,aboutSystem,11
0.9.1,aboutSystem,11
0.10.0,aboutSystem,11
1.0.0,aboutSystem,11
1.0.1,aboutSystem,11
0.5,about-algorithm,12
0.6,aboutAlgorithm,12
0.8a1,aboutAlgorithm,12
0.9,aboutAlgorithm,12
0.9.1,aboutAlgorithm,12
0.10.0,aboutAlgorithm,12
1.0.0,aboutAlgorithm,12
1.0.1,aboutAlgorithm,12
0.5,rm-consultation-design,13
0.6,consultationDesign,13
0.8a1,consultationDesign,13
0.9,consultationDesign,13
0.9.1,consultationDesign,13
0.10.0,consultationDesign,13
1.0.0,consultationDesign,13
1.0.1,consultationDesign,13
0.5,rm-consultation-implementation,14
0.6,consultationImplementation,14
0.8a1,consultationImplementation,14
0.9,consultationImplementation,14
0.9.1,consultationImplementation,14
0.10.0,consultationImplementation,14
1.0.0,consultationImplementation,14
1.0.1,consultationImplementation,14
0.5,rm-data-quality-design,15
0.6,dataQualityDesign,15
0.8a1,dataQualityDesign,15
0.9,dataQualityDesign,15
0.9.1,dataQualityDesign,15
0.10.0,dataQualityDesign,15
1.0.0,dataQualityDesign,15
1.0.1,dataQualityDesign,15
0.5,rm-data-quality-implementation,16
0.6,dataQualityImplementation,16
0.8a1,dataQualityImplementation,16
0.9,dataQualityImplementation,16
0.9.1,dataQualityImplementation,16
0.10.0,dataQualityImplementation,16
1.0.0,dataQualityImplementation,16
1.0.1,dataQualityImplementation,16
0.5,rm-fairness-design,17
0.6,fairnessDesign,17
0.8a1,fairnessDesign,17
0.9,fairnessDesign,17
0.9.1,fairnessDesign,17
0.10.0,fairnessDesign,17
1.0.0,fairnessDesign,17
1.0.1,fairnessDesign,17
0.5,rm-fairness-implementation,18
0.6,fairnessImplementation,18
0.8a1,fairnessImplementation,18
0.9,fairnessImplementation,18
0.9.1,fairnessImplementation,18
0.10.0,fairnessImplementation,18
1.0.0,fairnessImplementation,18
1.0.1,fairnessImplementation,18
0.6,aboutData,19
0.8a1,aboutData,19
0.9,aboutData,19
0.9.1,aboutData,19
0.10.0,aboutData,19
1.0.0,aboutData,19
1.0.1,aboutData,19
0.6,privacyDesign,20
0.8a1,privacyDesign,20
0.9,privacyDesign,20
0.9.1,privacyDesign,20
0.10.0,privacyDesign,20
1.0.0,privacyDesign,20
1.0.1,privacyDesign,20
0.6,privacyImplementation,21
0.8a1,privacyImplementation,21
0.9,privacyImplementation,21
0.9.1,privacyImplementation,21
0.10.0,privacyImplementation,21
1.0.0,privacyImplementation,21
1.0.1,privacyImplementation,21
